model,chunk_seconds,id,n_chunks,last_chunk_seconds,pause_wait_seconds,asr_seconds,latency_seconds
tiny,2.0,4294-9934-0026,4,1.40,0.4,0.0715,0.4715
tiny,2.0,3331-159605-0045,3,1.80,0.4,0.0865,0.4865
tiny,2.0,4852-28312-0018,2,0.66,0.4,0.0711,0.4711
tiny,2.0,1998-29454-0037,3,1.47,0.4,0.0820,0.4820
tiny,2.0,4852-28330-0016,4,0.37,0.4,0.0708,0.4708
tiny,2.0,2609-156975-0011,6,0.70,0.4,0.0627,0.4627
tiny,2.0,5442-41169-0025,2,0.96,0.4,0.0857,0.4857
tiny,2.0,6070-86744-0021,2,1.54,0.4,0.0780,0.4780
tiny,2.0,7018-75788-0010,3,0.10,0.4,0.0729,0.4729
tiny,2.0,3528-168656-0010,4,0.38,0.4,0.0672,0.4672
tiny,2.0,4294-35475-0025,2,0.64,0.4,0.0684,0.4684
tiny,2.0,6432-63723-0034,3,1.50,0.4,0.1034,0.5034
tiny,2.0,2609-156975-0038,7,1.10,0.4,0.0747,0.4747
tiny,2.0,6432-63722-0046,3,1.72,0.4,0.0770,0.4770
tiny,2.0,3005-163389-0016,2,1.10,0.4,0.0788,0.4788
tiny,2.0,1998-29454-0020,2,1.75,0.4,0.0909,0.4909
tiny,2.0,7902-96592-0008,2,0.70,0.4,0.0690,0.4690
tiny,2.0,4852-28311-0014,4,0.59,0.4,0.0730,0.4730
tiny,2.0,367-130732-0012,6,1.40,0.4,0.0843,0.4843
tiny,2.0,8188-269288-0051,5,0.53,0.4,0.0593,0.4593
tiny,2.0,5442-32873-0004,2,0.73,0.4,0.0732,0.4732
tiny,2.0,3528-168669-0120,2,1.25,0.4,0.0877,0.4877
tiny,2.0,3528-168669-0076,8,0.33,0.4,0.0593,0.4593
tiny,2.0,5764-299665-0071,6,0.26,0.4,0.0612,0.4612
tiny,2.0,8131-117016-0010,4,0.11,0.4,0.0549,0.4549
tiny,2.0,8280-266249-0002,8,0.35,0.4,0.0604,0.4604
tiny,2.0,4350-10919-0032,3,0.23,0.4,0.0600,0.4600
tiny,2.0,3764-168671-0007,5,0.66,0.4,0.0639,0.4639
tiny,2.0,3331-159609-0007,4,0.14,0.4,0.0547,0.4547
tiny,2.0,1688-142285-0060,5,1.78,0.4,0.0930,0.4930
tiny,2.0,3528-168669-0115,5,0.22,0.4,0.0647,0.4647
tiny,2.0,3538-163619-0010,4,0.34,0.4,0.0668,0.4668
tiny,2.0,6432-63722-0001,5,2.00,0.4,0.0968,0.4968
tiny,2.0,7975-280084-0011,4,0.19,0.4,0.0589,0.4589
tiny,2.0,2414-128291-0023,6,2.00,0.4,0.0862,0.4862
tiny,2.0,3997-182399-0016,2,1.31,0.4,0.0741,0.4741
tiny,2.0,3080-5040-0022,8,0.36,0.4,0.0649,0.4649
tiny,2.0,7105-2340-0011,3,1.29,0.4,0.0724,0.4724
tiny,2.0,2414-128291-0006,3,0.17,0.4,0.0569,0.4569
tiny,2.0,2033-164915-0009,6,0.24,0.4,0.0681,0.4681
tiny,2.0,3538-142836-0016,4,0.12,0.4,0.0655,0.4655
tiny,2.0,7105-2340-0036,3,1.47,0.4,0.0797,0.4797
tiny,2.0,8131-117029-0010,7,1.30,0.4,0.0821,0.4821
tiny,2.0,3331-159609-0003,8,0.13,0.4,0.0619,0.4619
tiny,2.0,7018-75789-0020,9,0.38,0.4,0.0658,0.4658
tiny,2.0,533-131562-0000,11,0.34,0.4,0.0619,0.4619
tiny,2.0,2414-128291-0022,3,0.53,0.4,0.0632,0.4632
tiny,2.0,8461-281231-0016,3,2.00,0.4,0.0957,0.4957
tiny,2.0,5442-32873-0018,11,0.20,0.4,0.0613,0.4613
tiny,2.0,1688-142285-0044,2,1.41,0.4,0.0798,0.4798
tiny,2.0,3764-168670-0023,3,0.54,0.4,0.0678,0.4678
tiny,2.0,5484-24317-0019,4,2.00,0.4,0.1041,0.5041
tiny,2.0,4294-14317-0004,8,0.98,0.4,0.0693,0.4693
tiny,2.0,5484-24318-0004,3,0.23,0.4,0.0628,0.4628
tiny,2.0,8461-278226-0008,4,0.55,0.4,0.0722,0.4722
tiny,2.0,2033-164915-0008,6,0.20,0.4,0.0559,0.4559
tiny,2.0,3764-168670-0009,3,0.24,0.4,0.0554,0.4554
tiny,2.0,1688-142285-0050,3,1.45,0.4,0.0883,0.4883
tiny,2.0,3080-5032-0024,7,0.42,0.4,0.0637,0.4637
tiny,2.0,3764-168671-0045,4,1.80,0.4,0.0993,0.4993
tiny,3.0,4294-9934-0026,3,2.70,0.4,0.0795,0.4795
tiny,3.0,3331-159605-0045,2,0.84,0.4,0.0717,0.4717
tiny,3.0,4852-28312-0018,1,2.66,0.4,0.0787,0.4787
tiny,3.0,1998-29454-0037,2,2.46,0.4,0.1125,0.5125
tiny,3.0,4852-28330-0016,2,2.37,0.4,0.0923,0.4923
tiny,3.0,2609-156975-0011,4,1.71,0.4,0.1056,0.5056
tiny,3.0,5442-41169-0025,1,2.96,0.4,0.1100,0.5100
tiny,3.0,6070-86744-0021,2,0.54,0.4,0.0712,0.4712
tiny,3.0,7018-75788-0010,3,0.10,0.4,0.0704,0.4704
tiny,3.0,3528-168656-0010,3,0.38,0.4,0.0662,0.4662
tiny,3.0,4294-35475-0025,2,2.60,0.4,0.1180,0.5180
tiny,3.0,6432-63723-0034,3,1.50,0.4,0.0811,0.4811
tiny,3.0,2609-156975-0038,5,1.10,0.4,0.0740,0.4740
tiny,3.0,6432-63722-0046,3,0.12,0.4,0.0626,0.4626
tiny,3.0,3005-163389-0016,2,0.10,0.4,0.0640,0.4640
tiny,3.0,1998-29454-0020,2,0.75,0.4,0.0650,0.4650
tiny,3.0,7902-96592-0008,2,0.10,0.4,0.0612,0.4612
tiny,3.0,4852-28311-0014,3,0.59,0.4,0.0631,0.4631
tiny,3.0,367-130732-0012,4,0.74,0.4,0.0886,0.4886
tiny,3.0,8188-269288-0051,5,0.23,0.4,0.0896,0.4896
tiny,3.0,5442-32873-0004,2,0.23,0.4,0.0674,0.4674
tiny,3.0,3528-168669-0120,2,1.25,0.4,0.0961,0.4961
tiny,3.0,3528-168669-0076,6,0.33,0.4,0.0652,0.4652
tiny,3.0,5764-299665-0071,6,0.26,0.4,0.0654,0.4654
tiny,3.0,8131-117016-0010,3,0.11,0.4,0.0665,0.4665
tiny,3.0,8280-266249-0002,6,0.25,0.4,0.0656,0.4656
tiny,3.0,4350-10919-0032,2,1.24,0.4,0.0931,0.4931
tiny,3.0,3764-168671-0007,4,2.65,0.4,0.1017,0.5017
tiny,3.0,3331-159609-0007,3,0.14,0.4,0.0644,0.4644
tiny,3.0,1688-142285-0060,4,0.78,0.4,0.0728,0.4728
tiny,3.0,3528-168669-0115,5,0.22,0.4,0.0636,0.4636
tiny,3.0,3538-163619-0010,4,0.34,0.4,0.0660,0.4660
tiny,3.0,6432-63722-0001,3,2.04,0.4,0.1010,0.5010
tiny,3.0,7975-280084-0011,2,2.19,0.4,0.1177,0.5177
tiny,3.0,2414-128291-0023,6,2.00,0.4,0.0867,0.4867
tiny,3.0,3997-182399-0016,2,0.32,0.4,0.0662,0.4662
tiny,3.0,3080-5040-0022,6,0.76,0.4,0.0707,0.4707
tiny,3.0,7105-2340-0011,2,2.29,0.4,0.1000,0.5000
tiny,3.0,2414-128291-0006,2,0.47,0.4,0.0659,0.4659
tiny,3.0,2033-164915-0009,5,0.24,0.4,0.0670,0.4670
tiny,3.0,3538-142836-0016,4,0.12,0.4,0.0566,0.4566
tiny,3.0,7105-2340-0036,2,1.76,0.4,0.0850,0.4850
tiny,3.0,8131-117029-0010,5,2.00,0.4,0.0891,0.4891
tiny,3.0,3331-159609-0003,6,0.73,0.4,0.0625,0.4625
tiny,3.0,7018-75789-0020,8,1.40,0.4,0.0920,0.4920
tiny,3.0,533-131562-0000,9,0.34,0.4,0.0588,0.4588
tiny,3.0,2414-128291-0022,3,0.12,0.4,0.0595,0.4595
tiny,3.0,8461-281231-0016,2,2.04,0.4,0.0903,0.4903
tiny,3.0,5442-32873-0018,8,0.70,0.4,0.0701,0.4701
tiny,3.0,1688-142285-0044,2,0.41,0.4,0.0587,0.4587
tiny,3.0,3764-168670-0023,2,1.53,0.4,0.0997,0.4997
tiny,3.0,5484-24317-0019,4,1.20,0.4,0.0819,0.4819
tiny,3.0,4294-14317-0004,6,0.78,0.4,0.0679,0.4679
tiny,3.0,5484-24318-0004,2,0.82,0.4,0.0712,0.4712
tiny,3.0,8461-278226-0008,3,1.95,0.4,0.1066,0.5066
tiny,3.0,2033-164915-0008,5,0.20,0.4,0.0660,0.4660
tiny,3.0,3764-168670-0009,3,2.20,0.4,0.1081,0.5081
tiny,3.0,1688-142285-0050,2,2.45,0.4,0.1066,0.5066
tiny,3.0,3080-5032-0024,6,0.42,0.4,0.0664,0.4664
tiny,3.0,3764-168671-0045,3,2.70,0.4,0.1100,0.5100
tiny,4.0,4294-9934-0026,3,2.70,0.4,0.0812,0.4812
tiny,4.0,3331-159605-0045,2,3.80,0.4,0.1238,0.5238
tiny,4.0,4852-28312-0018,1,2.66,0.4,0.0814,0.4814
tiny,4.0,1998-29454-0037,2,1.47,0.4,0.0745,0.4745
tiny,4.0,4852-28330-0016,2,2.37,0.4,0.0909,0.4909
tiny,4.0,2609-156975-0011,3,2.71,0.4,0.1019,0.5019
tiny,4.0,5442-41169-0025,1,2.96,0.4,0.1092,0.5092
tiny,4.0,6070-86744-0021,1,3.54,0.4,0.1101,0.5101
tiny,4.0,7018-75788-0010,2,0.10,0.4,0.0611,0.4611
tiny,4.0,3528-168656-0010,3,0.38,0.4,0.0617,0.4617
tiny,4.0,4294-35475-0025,2,2.60,0.4,0.1037,0.5037
tiny,4.0,6432-63723-0034,3,1.50,0.4,0.0869,0.4869
tiny,4.0,2609-156975-0038,4,1.10,0.4,0.0687,0.4687
tiny,4.0,6432-63722-0046,2,3.12,0.4,0.1293,0.5293
tiny,4.0,3005-163389-0016,1,3.10,0.4,0.1063,0.5063
tiny,4.0,1998-29454-0020,1,3.75,0.4,0.1313,0.5313
tiny,4.0,7902-96592-0008,2,0.10,0.4,0.0574,0.4574
tiny,4.0,4852-28311-0014,2,2.59,0.4,0.1249,0.5249
tiny,4.0,367-130732-0012,4,0.74,0.4,0.0849,0.4849
tiny,4.0,8188-269288-0051,5,0.23,0.4,0.0593,0.4593
tiny,4.0,5442-32873-0004,2,0.23,0.4,0.0571,0.4571
tiny,4.0,3528-168669-0120,2,1.25,0.4,0.0859,0.4859
tiny,4.0,3528-168669-0076,5,0.33,0.4,0.0594,0.4594
tiny,4.0,5764-299665-0071,6,0.26,0.4,0.0618,0.4618
tiny,4.0,8131-117016-0010,3,0.11,0.4,0.0621,0.4621
tiny,4.0,8280-266249-0002,5,0.35,0.4,0.0605,0.4605
tiny,4.0,4350-10919-0032,2,0.23,0.4,0.0587,0.4587
tiny,4.0,3764-168671-0007,3,2.65,0.4,0.0967,0.4967
tiny,4.0,3331-159609-0007,3,0.14,0.4,0.0597,0.4597
tiny,4.0,1688-142285-0060,3,1.78,0.4,0.0881,0.4881
tiny,4.0,3528-168669-0115,5,0.22,0.4,0.0627,0.4627
tiny,4.0,3538-163619-0010,3,0.34,0.4,0.0615,0.4615
tiny,4.0,6432-63722-0001,3,4.00,0.4,0.1148,0.5148
tiny,4.0,7975-280084-0011,2,2.19,0.4,0.1017,0.5017
tiny,4.0,2414-128291-0023,6,2.00,0.4,0.0771,0.4771
tiny,4.0,3997-182399-0016,1,3.31,0.4,0.1152,0.5152
tiny,4.0,3080-5040-0022,5,0.36,0.4,0.0649,0.4649
tiny,4.0,7105-2340-0011,2,1.29,0.4,0.0667,0.4667
tiny,4.0,2414-128291-0006,2,0.17,0.4,0.0584,0.4584
tiny,4.0,2033-164915-0009,5,0.24,0.4,0.0511,0.4511
tiny,4.0,3538-142836-0016,3,0.12,0.4,0.0640,0.4640
tiny,4.0,7105-2340-0036,2,1.76,0.4,0.0847,0.4847
tiny,4.0,8131-117029-0010,5,2.00,0.4,0.0760,0.4760
tiny,4.0,3331-159609-0003,6,0.13,0.4,0.0636,0.4636
tiny,4.0,7018-75789-0020,7,1.40,0.4,0.0898,0.4898
tiny,4.0,533-131562-0000,8,0.34,0.4,0.0640,0.4640
tiny,4.0,2414-128291-0022,2,0.53,0.4,0.0661,0.4661
tiny,4.0,8461-281231-0016,2,2.04,0.4,0.0988,0.4988
tiny,4.0,5442-32873-0018,7,0.20,0.4,0.0678,0.4678
tiny,4.0,1688-142285-0044,1,3.40,0.4,0.1133,0.5133
tiny,4.0,3764-168670-0023,2,0.54,0.4,0.0731,0.4731
tiny,4.0,5484-24317-0019,3,2.00,0.4,0.1101,0.5101
tiny,4.0,4294-14317-0004,4,2.98,0.4,0.1131,0.5131
tiny,4.0,5484-24318-0004,2,0.23,0.4,0.0612,0.4612
tiny,4.0,8461-278226-0008,2,2.54,0.4,0.1022,0.5022
tiny,4.0,2033-164915-0008,4,0.41,0.4,0.0566,0.4566
tiny,4.0,3764-168670-0009,3,2.20,0.4,0.1131,0.5131
tiny,4.0,1688-142285-0050,2,1.45,0.4,0.0941,0.4941
tiny,4.0,3080-5032-0024,6,0.42,0.4,0.0548,0.4548
tiny,4.0,3764-168671-0045,3,1.80,0.4,0.0877,0.4877
tiny,6.0,4294-9934-0026,3,2.70,0.4,0.0816,0.4816
tiny,6.0,3331-159605-0045,2,3.80,0.4,0.1273,0.5273
tiny,6.0,4852-28312-0018,1,2.66,0.4,0.0820,0.4820
tiny,6.0,1998-29454-0037,1,5.46,0.4,0.1563,0.5563
tiny,6.0,4852-28330-0016,2,2.37,0.4,0.0814,0.4814
tiny,6.0,2609-156975-0011,2,4.71,0.4,0.1239,0.5239
tiny,6.0,5442-41169-0025,1,2.96,0.4,0.1203,0.5203
tiny,6.0,6070-86744-0021,1,3.54,0.4,0.1023,0.5023
tiny,6.0,7018-75788-0010,2,0.10,0.4,0.0647,0.4647
tiny,6.0,3528-168656-0010,2,0.38,0.4,0.0561,0.4561
tiny,6.0,4294-35475-0025,2,2.60,0.4,0.1118,0.5118
tiny,6.0,6432-63723-0034,3,1.50,0.4,0.0792,0.4792
tiny,6.0,2609-156975-0038,3,1.10,0.4,0.0693,0.4693
tiny,6.0,6432-63722-0046,2,3.12,0.4,0.1207,0.5207
tiny,6.0,3005-163389-0016,1,3.10,0.4,0.1244,0.5244
tiny,6.0,1998-29454-0020,1,3.75,0.4,0.1417,0.5417
tiny,6.0,7902-96592-0008,2,0.10,0.4,0.0631,0.4631
tiny,6.0,4852-28311-0014,2,0.59,0.4,0.0683,0.4683
tiny,6.0,367-130732-0012,3,0.74,0.4,0.0803,0.4803
tiny,6.0,8188-269288-0051,5,0.23,0.4,0.0606,0.4606
tiny,6.0,5442-32873-0004,2,0.23,0.4,0.0581,0.4581
tiny,6.0,3528-168669-0120,2,1.25,0.4,0.0830,0.4830
tiny,6.0,3528-168669-0076,5,0.33,0.4,0.0564,0.4564
tiny,6.0,5764-299665-0071,6,0.26,0.4,0.0578,0.4578
tiny,6.0,8131-117016-0010,3,0.11,0.4,0.0618,0.4618
tiny,6.0,8280-266249-0002,4,0.35,0.4,0.0591,0.4591
tiny,6.0,4350-10919-0032,1,4.24,0.4,0.1548,0.5548
tiny,6.0,3764-168671-0007,3,2.65,0.4,0.1108,0.5108
tiny,6.0,3331-159609-0007,2,0.14,0.4,0.0638,0.4638
tiny,6.0,1688-142285-0060,2,3.78,0.4,0.1379,0.5379
tiny,6.0,3528-168669-0115,5,0.22,0.4,0.0706,0.4706
tiny,6.0,3538-163619-0010,3,0.34,0.4,0.0605,0.4605
tiny,6.0,6432-63722-0001,2,2.04,0.4,0.0930,0.4930
tiny,6.0,7975-280084-0011,2,2.19,0.4,0.1113,0.5113
tiny,6.0,2414-128291-0023,6,2.00,0.4,0.0852,0.4852
tiny,6.0,3997-182399-0016,1,3.31,0.4,0.1236,0.5236
tiny,6.0,3080-5040-0022,5,0.36,0.4,0.0678,0.4678
tiny,6.0,7105-2340-0011,1,5.29,0.4,0.1415,0.5415
tiny,6.0,2414-128291-0006,2,0.17,0.4,0.0644,0.4644
tiny,6.0,2033-164915-0009,5,0.24,0.4,0.0710,0.4710
tiny,6.0,3538-142836-0016,3,0.12,0.4,0.0682,0.4682
tiny,6.0,7105-2340-0036,2,1.76,0.4,0.0963,0.4963
tiny,6.0,8131-117029-0010,5,2.00,0.4,0.0813,0.4813
tiny,6.0,3331-159609-0003,5,0.13,0.4,0.0632,0.4632
tiny,6.0,7018-75789-0020,6,1.40,0.4,0.0900,0.4900
tiny,6.0,533-131562-0000,8,0.34,0.4,0.0696,0.4696
tiny,6.0,2414-128291-0022,2,0.12,0.4,0.0710,0.4710
tiny,6.0,8461-281231-0016,2,2.04,0.4,0.0988,0.4988
tiny,6.0,5442-32873-0018,7,0.20,0.4,0.0675,0.4675
tiny,6.0,1688-142285-0044,1,3.40,0.4,0.1065,0.5065
tiny,6.0,3764-168670-0023,1,4.54,0.4,0.1915,0.5915
tiny,6.0,5484-24317-0019,3,1.20,0.4,0.0858,0.4858
tiny,6.0,4294-14317-0004,4,0.98,0.4,0.0773,0.4773
tiny,6.0,5484-24318-0004,2,0.23,0.4,0.0604,0.4604
tiny,6.0,8461-278226-0008,2,1.95,0.4,0.1074,0.5074
tiny,6.0,2033-164915-0008,4,0.20,0.4,0.0682,0.4682
tiny,6.0,3764-168670-0009,3,2.20,0.4,0.1094,0.5094
tiny,6.0,1688-142285-0050,1,5.45,0.4,0.1799,0.5799
tiny,6.0,3080-5032-0024,5,0.42,0.4,0.0620,0.4620
tiny,6.0,3764-168671-0045,3,1.80,0.4,0.1018,0.5018
tiny,8.0,4294-9934-0026,3,2.70,0.4,0.0974,0.4974
tiny,8.0,3331-159605-0045,2,3.80,0.4,0.1479,0.5479
tiny,8.0,4852-28312-0018,1,2.66,0.4,0.0910,0.4910
tiny,8.0,1998-29454-0037,1,5.46,0.4,0.1699,0.5699
tiny,8.0,4852-28330-0016,2,2.37,0.4,0.1050,0.5050
tiny,8.0,2609-156975-0011,2,2.71,0.4,0.1125,0.5125
tiny,8.0,5442-41169-0025,1,2.96,0.4,0.1186,0.5186
tiny,8.0,6070-86744-0021,1,3.54,0.4,0.1136,0.5136
tiny,8.0,7018-75788-0010,2,0.10,0.4,0.0600,0.4600
tiny,8.0,3528-168656-0010,2,0.38,0.4,0.0643,0.4643
tiny,8.0,4294-35475-0025,2,2.60,0.4,0.1048,0.5048
tiny,8.0,6432-63723-0034,3,1.50,0.4,0.0979,0.4979
tiny,8.0,2609-156975-0038,2,5.10,0.4,0.1236,0.5236
tiny,8.0,6432-63722-0046,2,3.12,0.4,0.1282,0.5282
tiny,8.0,3005-163389-0016,1,3.10,0.4,0.1203,0.5203
tiny,8.0,1998-29454-0020,1,3.75,0.4,0.1313,0.5313
tiny,8.0,7902-96592-0008,2,0.10,0.4,0.0618,0.4618
tiny,8.0,4852-28311-0014,1,6.59,0.4,0.2025,0.6025
tiny,8.0,367-130732-0012,3,0.74,0.4,0.0817,0.4817
tiny,8.0,8188-269288-0051,5,0.23,0.4,0.0663,0.4663
tiny,8.0,5442-32873-0004,2,0.23,0.4,0.0669,0.4669
tiny,8.0,3528-168669-0120,2,1.25,0.4,0.0924,0.4924
tiny,8.0,3528-168669-0076,4,0.33,0.4,0.0667,0.4667
tiny,8.0,5764-299665-0071,6,0.26,0.4,0.0701,0.4701
tiny,8.0,8131-117016-0010,3,0.11,0.4,0.0605,0.4605
tiny,8.0,8280-266249-0002,4,0.35,0.4,0.0589,0.4589
tiny,8.0,4350-10919-0032,1,4.24,0.4,0.1659,0.5659
tiny,8.0,3764-168671-0007,3,2.65,0.4,0.1136,0.5136
tiny,8.0,3331-159609-0007,2,0.14,0.4,0.0687,0.4687
tiny,8.0,1688-142285-0060,2,1.78,0.4,0.0943,0.4943
tiny,8.0,3528-168669-0115,5,0.22,0.4,0.0560,0.4560
tiny,8.0,3538-163619-0010,3,0.34,0.4,0.0645,0.4645
tiny,8.0,6432-63722-0001,2,8.00,0.4,0.2323,0.6323
tiny,8.0,7975-280084-0011,2,2.19,0.4,0.1064,0.5064
tiny,8.0,2414-128291-0023,6,2.00,0.4,0.0773,0.4773
tiny,8.0,3997-182399-0016,1,3.31,0.4,0.1198,0.5198
tiny,8.0,3080-5040-0022,5,0.36,0.4,0.0589,0.4589
tiny,8.0,7105-2340-0011,1,5.29,0.4,0.1401,0.5401
tiny,8.0,2414-128291-0006,2,0.17,0.4,0.0525,0.4525
tiny,8.0,2033-164915-0009,5,0.24,0.4,0.0621,0.4621
tiny,8.0,3538-142836-0016,3,0.12,0.4,0.0599,0.4599
tiny,8.0,7105-2340-0036,2,1.76,0.4,0.0849,0.4849
tiny,8.0,8131-117029-0010,5,2.00,0.4,0.0776,0.4776
tiny,8.0,3331-159609-0003,5,0.13,0.4,0.0567,0.4567
tiny,8.0,7018-75789-0020,6,1.40,0.4,0.0718,0.4718
tiny,8.0,533-131562-0000,8,0.34,0.4,0.0592,0.4592
tiny,8.0,2414-128291-0022,2,0.12,0.4,0.0615,0.4615
tiny,8.0,8461-281231-0016,2,2.04,0.4,0.0791,0.4791
tiny,8.0,5442-32873-0018,7,0.20,0.4,0.0573,0.4573
tiny,8.0,1688-142285-0044,1,3.40,0.4,0.1107,0.5107
tiny,8.0,3764-168670-0023,1,4.54,0.4,0.1767,0.5767
tiny,8.0,5484-24317-0019,3,1.20,0.4,0.0765,0.4765
tiny,8.0,4294-14317-0004,3,6.98,0.4,0.2121,0.6121
tiny,8.0,5484-24318-0004,2,0.23,0.4,0.0553,0.4553
tiny,8.0,8461-278226-0008,2,1.95,0.4,0.0975,0.4975
tiny,8.0,2033-164915-0008,4,0.20,0.4,0.0565,0.4565
tiny,8.0,3764-168670-0009,3,2.20,0.4,0.1095,0.5095
tiny,8.0,1688-142285-0050,1,5.45,0.4,0.1698,0.5698
tiny,8.0,3080-5032-0024,5,0.42,0.4,0.0618,0.4618
tiny,8.0,3764-168671-0045,3,1.80,0.4,0.0922,0.4922
base,2.0,4294-9934-0026,4,1.40,0.4,0.1245,0.5245
base,2.0,3331-159605-0045,3,1.80,0.4,0.1563,0.5563
base,2.0,4852-28312-0018,2,0.66,0.4,0.1168,0.5168
base,2.0,1998-29454-0037,3,1.47,0.4,0.1333,0.5333
base,2.0,4852-28330-0016,4,0.37,0.4,0.1120,0.5120
base,2.0,2609-156975-0011,6,0.70,0.4,0.1102,0.5102
base,2.0,5442-41169-0025,2,0.96,0.4,0.1205,0.5205
base,2.0,6070-86744-0021,2,1.54,0.4,0.1347,0.5347
base,2.0,7018-75788-0010,3,0.10,0.4,0.1123,0.5123
base,2.0,3528-168656-0010,4,0.38,0.4,0.1084,0.5084
base,2.0,4294-35475-0025,2,0.64,0.4,0.1175,0.5175
base,2.0,6432-63723-0034,3,1.50,0.4,0.1383,0.5383
base,2.0,2609-156975-0038,7,1.10,0.4,0.1165,0.5165
base,2.0,6432-63722-0046,3,1.72,0.4,0.1539,0.5539
base,2.0,3005-163389-0016,2,1.10,0.4,0.1215,0.5215
base,2.0,1998-29454-0020,2,1.75,0.4,0.1518,0.5518
base,2.0,7902-96592-0008,2,0.70,0.4,0.1190,0.5190
base,2.0,4852-28311-0014,4,0.59,0.4,0.1171,0.5171
base,2.0,367-130732-0012,6,1.40,0.4,0.1492,0.5492
base,2.0,8188-269288-0051,5,0.53,0.4,0.1060,0.5060
base,2.0,5442-32873-0004,2,0.73,0.4,0.1181,0.5181
base,2.0,3528-168669-0120,2,1.25,0.4,0.1491,0.5491
base,2.0,3528-168669-0076,8,0.33,0.4,0.1004,0.5004
base,2.0,5764-299665-0071,6,0.26,0.4,0.1096,0.5096
base,2.0,8131-117016-0010,4,0.11,0.4,0.1147,0.5147
base,2.0,8280-266249-0002,8,0.35,0.4,0.0662,0.4662
base,2.0,4350-10919-0032,3,0.23,0.4,0.1133,0.5133
base,2.0,3764-168671-0007,5,0.66,0.4,0.1223,0.5223
base,2.0,3331-159609-0007,4,0.14,0.4,0.0999,0.4999
base,2.0,1688-142285-0060,5,1.78,0.4,0.1601,0.5601
base,2.0,3528-168669-0115,5,0.22,0.4,0.1164,0.5164
base,2.0,3538-163619-0010,4,0.34,0.4,0.1060,0.5060
base,2.0,6432-63722-0001,5,2.00,0.4,0.1677,0.5677
base,2.0,7975-280084-0011,4,0.19,0.4,0.0953,0.4953
base,2.0,2414-128291-0023,6,2.00,0.4,0.1420,0.5420
base,2.0,3997-182399-0016,2,1.31,0.4,0.1349,0.5349
base,2.0,3080-5040-0022,8,0.36,0.4,0.1208,0.5208
base,2.0,7105-2340-0011,3,1.29,0.4,0.1342,0.5342
base,2.0,2414-128291-0006,3,0.17,0.4,0.1159,0.5159
base,2.0,2033-164915-0009,6,0.24,0.4,0.1046,0.5046
base,2.0,3538-142836-0016,4,0.12,0.4,0.1020,0.5020
base,2.0,7105-2340-0036,3,1.47,0.4,0.1354,0.5354
base,2.0,8131-117029-0010,7,1.30,0.4,0.1322,0.5322
base,2.0,3331-159609-0003,8,0.13,0.4,0.1118,0.5118
base,2.0,7018-75789-0020,9,0.38,0.4,0.1109,0.5109
base,2.0,533-131562-0000,11,0.34,0.4,0.1034,0.5034
base,2.0,2414-128291-0022,3,0.53,0.4,0.1109,0.5109
base,2.0,8461-281231-0016,3,2.00,0.4,0.1277,0.5277
base,2.0,5442-32873-0018,11,0.20,0.4,0.1107,0.5107
base,2.0,1688-142285-0044,2,1.41,0.4,0.1318,0.5318
base,2.0,3764-168670-0023,3,0.54,0.4,0.1185,0.5185
base,2.0,5484-24317-0019,4,2.00,0.4,0.1335,0.5335
base,2.0,4294-14317-0004,8,0.98,0.4,0.1234,0.5234
base,2.0,5484-24318-0004,3,0.23,0.4,0.1077,0.5077
base,2.0,8461-278226-0008,4,0.55,0.4,0.1139,0.5139
base,2.0,2033-164915-0008,6,0.20,0.4,0.0949,0.4949
base,2.0,3764-168670-0009,3,0.24,0.4,0.1067,0.5067
base,2.0,1688-142285-0050,3,1.45,0.4,0.1399,0.5399
base,2.0,3080-5032-0024,7,0.42,0.4,0.1134,0.5134
base,2.0,3764-168671-0045,4,1.80,0.4,0.1495,0.5495
base,3.0,4294-9934-0026,3,2.70,0.4,0.1381,0.5381
base,3.0,3331-159605-0045,2,0.84,0.4,0.1111,0.5111
base,3.0,4852-28312-0018,1,2.66,0.4,0.1436,0.5436
base,3.0,1998-29454-0037,2,2.46,0.4,0.1786,0.5786
base,3.0,4852-28330-0016,2,2.37,0.4,0.1638,0.5638
base,3.0,2609-156975-0011,4,1.71,0.4,0.1523,0.5523
base,3.0,5442-41169-0025,1,2.96,0.4,0.1894,0.5894
base,3.0,6070-86744-0021,2,0.54,0.4,0.1289,0.5289
base,3.0,7018-75788-0010,3,0.10,0.4,0.1137,0.5137
base,3.0,3528-168656-0010,3,0.38,0.4,0.1184,0.5184
base,3.0,4294-35475-0025,2,2.60,0.4,0.1903,0.5903
base,3.0,6432-63723-0034,3,1.50,0.4,0.1514,0.5514
base,3.0,2609-156975-0038,5,1.10,0.4,0.1284,0.5284
base,3.0,6432-63722-0046,3,0.12,0.4,0.1115,0.5115
base,3.0,3005-163389-0016,2,0.10,0.4,0.1152,0.5152
base,3.0,1998-29454-0020,2,0.75,0.4,0.1088,0.5088
base,3.0,7902-96592-0008,2,0.10,0.4,0.1090,0.5090
base,3.0,4852-28311-0014,3,0.59,0.4,0.1138,0.5138
base,3.0,367-130732-0012,4,0.74,0.4,0.1089,0.5089
base,3.0,8188-269288-0051,5,0.23,0.4,0.0996,0.4996
base,3.0,5442-32873-0004,2,0.23,0.4,0.1137,0.5137
base,3.0,3528-168669-0120,2,1.25,0.4,0.1427,0.5427
base,3.0,3528-168669-0076,6,0.33,0.4,0.1139,0.5139
base,3.0,5764-299665-0071,6,0.26,0.4,0.0981,0.4981
base,3.0,8131-117016-0010,3,0.11,0.4,0.1116,0.5116
base,3.0,8280-266249-0002,6,0.25,0.4,0.1161,0.5161
base,3.0,4350-10919-0032,2,1.24,0.4,0.1470,0.5470
base,3.0,3764-168671-0007,4,2.65,0.4,0.1482,0.5482
base,3.0,3331-159609-0007,3,0.14,0.4,0.0985,0.4985
base,3.0,1688-142285-0060,4,0.78,0.4,0.1270,0.5270
base,3.0,3528-168669-0115,5,0.22,0.4,0.1148,0.5148
base,3.0,3538-163619-0010,4,0.34,0.4,0.0955,0.4955
base,3.0,6432-63722-0001,3,2.04,0.4,0.1543,0.5543
base,3.0,7975-280084-0011,2,2.19,0.4,0.1812,0.5812
base,3.0,2414-128291-0023,6,2.00,0.4,0.1441,0.5441
base,3.0,3997-182399-0016,2,0.32,0.4,0.1104,0.5104
base,3.0,3080-5040-0022,6,0.76,0.4,0.1217,0.5217
base,3.0,7105-2340-0011,2,2.29,0.4,0.1625,0.5625
base,3.0,2414-128291-0006,2,0.47,0.4,0.1058,0.5058
base,3.0,2033-164915-0009,5,0.24,0.4,0.1166,0.5166
base,3.0,3538-142836-0016,4,0.12,0.4,0.1191,0.5191
base,3.0,7105-2340-0036,2,1.76,0.4,0.1446,0.5446
base,3.0,8131-117029-0010,5,2.00,0.4,0.1412,0.5412
base,3.0,3331-159609-0003,6,0.73,0.4,0.1115,0.5115
base,3.0,7018-75789-0020,8,1.40,0.4,0.1625,0.5625
base,3.0,533-131562-0000,9,0.34,0.4,0.0964,0.4964
base,3.0,2414-128291-0022,3,0.12,0.4,0.1108,0.5108
base,3.0,8461-281231-0016,2,2.04,0.4,0.1235,0.5235
base,3.0,5442-32873-0018,8,0.70,0.4,0.1066,0.5066
base,3.0,1688-142285-0044,2,0.41,0.4,0.1018,0.5018
base,3.0,3764-168670-0023,2,1.53,0.4,0.1525,0.5525
base,3.0,5484-24317-0019,4,1.20,0.4,0.1481,0.5481
base,3.0,4294-14317-0004,6,0.78,0.4,0.1228,0.5228
base,3.0,5484-24318-0004,2,0.82,0.4,0.1204,0.5204
base,3.0,8461-278226-0008,3,1.95,0.4,0.1652,0.5652
base,3.0,2033-164915-0008,5,0.20,0.4,0.1172,0.5172
base,3.0,3764-168670-0009,3,2.20,0.4,0.1977,0.5977
base,3.0,1688-142285-0050,2,2.45,0.4,0.1677,0.5677
base,3.0,3080-5032-0024,6,0.42,0.4,0.1033,0.5033
base,3.0,3764-168671-0045,3,2.70,0.4,0.1801,0.5801
base,4.0,4294-9934-0026,3,2.70,0.4,0.1566,0.5566
base,4.0,3331-159605-0045,2,3.80,0.4,0.2135,0.6135
base,4.0,4852-28312-0018,1,2.66,0.4,0.1394,0.5394
base,4.0,1998-29454-0037,2,1.47,0.4,0.1243,0.5243
base,4.0,4852-28330-0016,2,2.37,0.4,0.1624,0.5624
base,4.0,2609-156975-0011,3,2.71,0.4,0.1595,0.5595
base,4.0,5442-41169-0025,1,2.96,0.4,0.1800,0.5800
base,4.0,6070-86744-0021,1,3.54,0.4,0.1791,0.5791
base,4.0,7018-75788-0010,2,0.10,0.4,0.1072,0.5072
base,4.0,3528-168656-0010,3,0.38,0.4,0.1087,0.5087
base,4.0,4294-35475-0025,2,2.60,0.4,0.1870,0.5870
base,4.0,6432-63723-0034,3,1.50,0.4,0.1523,0.5523
base,4.0,2609-156975-0038,4,1.10,0.4,0.1318,0.5318
base,4.0,6432-63722-0046,2,3.12,0.4,0.2187,0.6187
base,4.0,3005-163389-0016,1,3.10,0.4,0.2128,0.6128
base,4.0,1998-29454-0020,1,3.75,0.4,0.1920,0.5920
base,4.0,7902-96592-0008,2,0.10,0.4,0.1140,0.5140
base,4.0,4852-28311-0014,2,2.59,0.4,0.1884,0.5884
base,4.0,367-130732-0012,4,0.74,0.4,0.1233,0.5233
base,4.0,8188-269288-0051,5,0.23,0.4,0.1082,0.5082
base,4.0,5442-32873-0004,2,0.23,0.4,0.1073,0.5073
base,4.0,3528-168669-0120,2,1.25,0.4,0.1535,0.5535
base,4.0,3528-168669-0076,5,0.33,0.4,0.1027,0.5027
base,4.0,5764-299665-0071,6,0.26,0.4,0.1131,0.5131
base,4.0,8131-117016-0010,3,0.11,0.4,0.1002,0.5002
base,4.0,8280-266249-0002,5,0.35,0.4,0.1045,0.5045
base,4.0,4350-10919-0032,2,0.23,0.4,0.1111,0.5111
base,4.0,3764-168671-0007,3,2.65,0.4,0.1548,0.5548
base,4.0,3331-159609-0007,3,0.14,0.4,0.1454,0.5454
base,4.0,1688-142285-0060,3,1.78,0.4,0.1620,0.5620
base,4.0,3528-168669-0115,5,0.22,0.4,0.1034,0.5034
base,4.0,3538-163619-0010,3,0.34,0.4,0.1197,0.5197
base,4.0,6432-63722-0001,3,4.00,0.4,0.2035,0.6035
base,4.0,7975-280084-0011,2,2.19,0.4,0.1674,0.5674
base,4.0,2414-128291-0023,6,2.00,0.4,0.1432,0.5432
base,4.0,3997-182399-0016,1,3.31,0.4,0.1971,0.5971
base,4.0,3080-5040-0022,5,0.36,0.4,0.1016,0.5016
base,4.0,7105-2340-0011,2,1.29,0.4,0.1302,0.5302
base,4.0,2414-128291-0006,2,0.17,0.4,0.1102,0.5102
base,4.0,2033-164915-0009,5,0.24,0.4,0.1158,0.5158
base,4.0,3538-142836-0016,3,0.12,0.4,0.1105,0.5105
base,4.0,7105-2340-0036,2,1.76,0.4,0.1468,0.5468
base,4.0,8131-117029-0010,5,2.00,0.4,0.1458,0.5458
base,4.0,3331-159609-0003,6,0.13,0.4,0.1098,0.5098
base,4.0,7018-75789-0020,7,1.40,0.4,0.1416,0.5416
base,4.0,533-131562-0000,8,0.34,0.4,0.1007,0.5007
base,4.0,2414-128291-0022,2,0.53,0.4,0.1151,0.5151
base,4.0,8461-281231-0016,2,2.04,0.4,0.1293,0.5293
base,4.0,5442-32873-0018,7,0.20,0.4,0.1008,0.5008
base,4.0,1688-142285-0044,1,3.40,0.4,0.1808,0.5808
base,4.0,3764-168670-0023,2,0.54,0.4,0.1165,0.5165
base,4.0,5484-24317-0019,3,2.00,0.4,0.1484,0.5484
base,4.0,4294-14317-0004,4,2.98,0.4,0.1825,0.5825
base,4.0,5484-24318-0004,2,0.23,0.4,0.1048,0.5048
base,4.0,8461-278226-0008,2,2.54,0.4,0.1478,0.5478
base,4.0,2033-164915-0008,4,0.41,0.4,0.1092,0.5092
base,4.0,3764-168670-0009,3,2.20,0.4,0.1897,0.5897
base,4.0,1688-142285-0050,2,1.45,0.4,0.1540,0.5540
base,4.0,3080-5032-0024,6,0.42,0.4,0.1058,0.5058
base,4.0,3764-168671-0045,3,1.80,0.4,0.1559,0.5559
base,6.0,4294-9934-0026,3,2.70,0.4,0.1344,0.5344
base,6.0,3331-159605-0045,2,3.80,0.4,0.2084,0.6084
base,6.0,4852-28312-0018,1,2.66,0.4,0.1378,0.5378
base,6.0,1998-29454-0037,1,5.46,0.4,0.2325,0.6325
base,6.0,4852-28330-0016,2,2.37,0.4,0.1520,0.5520
base,6.0,2609-156975-0011,2,4.71,0.4,0.2293,0.6293
base,6.0,5442-41169-0025,1,2.96,0.4,0.1818,0.5818
base,6.0,6070-86744-0021,1,3.54,0.4,0.1750,0.5750
base,6.0,7018-75788-0010,2,0.10,0.4,0.1078,0.5078
base,6.0,3528-168656-0010,2,0.38,0.4,0.1045,0.5045
base,6.0,4294-35475-0025,2,2.60,0.4,0.1893,0.5893
base,6.0,6432-63723-0034,3,1.50,0.4,0.1488,0.5488
base,6.0,2609-156975-0038,3,1.10,0.4,0.1180,0.5180
base,6.0,6432-63722-0046,2,3.12,0.4,0.2071,0.6071
base,6.0,3005-163389-0016,1,3.10,0.4,0.1844,0.5844
base,6.0,1998-29454-0020,1,3.75,0.4,0.1981,0.5981
base,6.0,7902-96592-0008,2,0.10,0.4,0.0990,0.4990
base,6.0,4852-28311-0014,2,0.59,0.4,0.1080,0.5080
base,6.0,367-130732-0012,3,0.74,0.4,0.1094,0.5094
base,6.0,8188-269288-0051,5,0.23,0.4,0.1081,0.5081
base,6.0,5442-32873-0004,2,0.23,0.4,0.1013,0.5013
base,6.0,3528-168669-0120,2,1.25,0.4,0.1466,0.5466
base,6.0,3528-168669-0076,5,0.33,0.4,0.1143,0.5143
base,6.0,5764-299665-0071,6,0.26,0.4,0.1099,0.5099
base,6.0,8131-117016-0010,3,0.11,0.4,0.1110,0.5110
base,6.0,8280-266249-0002,4,0.35,0.4,0.1120,0.5120
base,6.0,4350-10919-0032,1,4.24,0.4,0.2395,0.6395
base,6.0,3764-168671-0007,3,2.65,0.4,0.1373,0.5373
base,6.0,3331-159609-0007,2,0.14,0.4,0.0977,0.4977
base,6.0,1688-142285-0060,2,3.78,0.4,0.1960,0.5960
base,6.0,3528-168669-0115,5,0.22,0.4,0.1002,0.5002
base,6.0,3538-163619-0010,3,0.34,0.4,0.1071,0.5071
base,6.0,6432-63722-0001,2,2.04,0.4,0.1615,0.5615
base,6.0,7975-280084-0011,2,2.19,0.4,0.1709,0.5709
base,6.0,2414-128291-0023,6,2.00,0.4,0.1303,0.5303
base,6.0,3997-182399-0016,1,3.31,0.4,0.1740,0.5740
base,6.0,3080-5040-0022,5,0.36,0.4,0.1086,0.5086
base,6.0,7105-2340-0011,1,5.29,0.4,0.2139,0.6139
base,6.0,2414-128291-0006,2,0.17,0.4,0.1008,0.5008
base,6.0,2033-164915-0009,5,0.24,0.4,0.1028,0.5028
base,6.0,3538-142836-0016,3,0.12,0.4,0.0986,0.4986
base,6.0,7105-2340-0036,2,1.76,0.4,0.1457,0.5457
base,6.0,8131-117029-0010,5,2.00,0.4,0.1217,0.5217
base,6.0,3331-159609-0003,5,0.13,0.4,0.1051,0.5051
base,6.0,7018-75789-0020,6,1.40,0.4,0.1378,0.5378
base,6.0,533-131562-0000,8,0.34,0.4,0.0985,0.4985
base,6.0,2414-128291-0022,2,0.12,0.4,0.1035,0.5035
base,6.0,8461-281231-0016,2,2.04,0.4,0.1269,0.5269
base,6.0,5442-32873-0018,7,0.20,0.4,0.1064,0.5064
base,6.0,1688-142285-0044,1,3.40,0.4,0.1795,0.5795
base,6.0,3764-168670-0023,1,4.54,0.4,0.2303,0.6303
base,6.0,5484-24317-0019,3,1.20,0.4,0.1310,0.5310
base,6.0,4294-14317-0004,4,0.98,0.4,0.1170,0.5170
base,6.0,5484-24318-0004,2,0.23,0.4,0.0999,0.4999
base,6.0,8461-278226-0008,2,1.95,0.4,0.1528,0.5528
base,6.0,2033-164915-0008,4,0.20,0.4,0.0939,0.4939
base,6.0,3764-168670-0009,3,2.20,0.4,0.1687,0.5687
base,6.0,1688-142285-0050,1,5.45,0.4,0.2372,0.6372
base,6.0,3080-5032-0024,5,0.42,0.4,0.1070,0.5070
base,6.0,3764-168671-0045,3,1.80,0.4,0.1377,0.5377
base,8.0,4294-9934-0026,3,2.70,0.4,0.1395,0.5395
base,8.0,3331-159605-0045,2,3.80,0.4,0.2005,0.6005
base,8.0,4852-28312-0018,1,2.66,0.4,0.1326,0.5326
base,8.0,1998-29454-0037,1,5.46,0.4,0.2441,0.6441
base,8.0,4852-28330-0016,2,2.37,0.4,0.1560,0.5560
base,8.0,2609-156975-0011,2,2.71,0.4,0.1643,0.5643
base,8.0,5442-41169-0025,1,2.96,0.4,0.1634,0.5634
base,8.0,6070-86744-0021,1,3.54,0.4,0.1560,0.5560
base,8.0,7018-75788-0010,2,0.10,0.4,0.1098,0.5098
base,8.0,3528-168656-0010,2,0.38,0.4,0.0968,0.4968
base,8.0,4294-35475-0025,2,2.60,0.4,0.1586,0.5586
base,8.0,6432-63723-0034,3,1.50,0.4,0.1356,0.5356
base,8.0,2609-156975-0038,2,5.10,0.4,0.1850,0.5850
base,8.0,6432-63722-0046,2,3.12,0.4,0.1913,0.5913
base,8.0,3005-163389-0016,1,3.10,0.4,0.1868,0.5868
base,8.0,1998-29454-0020,1,3.75,0.4,0.1950,0.5950
base,8.0,7902-96592-0008,2,0.10,0.4,0.1131,0.5131
base,8.0,4852-28311-0014,1,6.59,0.4,0.3144,0.7144
base,8.0,367-130732-0012,3,0.74,0.4,0.1101,0.5101
base,8.0,8188-269288-0051,5,0.23,0.4,0.0999,0.4999
base,8.0,5442-32873-0004,2,0.23,0.4,0.1070,0.5070
base,8.0,3528-168669-0120,2,1.25,0.4,0.1514,0.5514
base,8.0,3528-168669-0076,4,0.33,0.4,0.0989,0.4989
base,8.0,5764-299665-0071,6,0.26,0.4,0.1074,0.5074
base,8.0,8131-117016-0010,3,0.11,0.4,0.1082,0.5082
base,8.0,8280-266249-0002,4,0.35,0.4,0.0963,0.4963
base,8.0,4350-10919-0032,1,4.24,0.4,0.2294,0.6294
base,8.0,3764-168671-0007,3,2.65,0.4,0.1554,0.5554
base,8.0,3331-159609-0007,2,0.14,0.4,0.0949,0.4949
base,8.0,1688-142285-0060,2,1.78,0.4,0.1491,0.5491
base,8.0,3528-168669-0115,5,0.22,0.4,0.1059,0.5059
base,8.0,3538-163619-0010,3,0.34,0.4,0.0948,0.4948
base,8.0,6432-63722-0001,2,8.00,0.4,0.3170,0.7170
base,8.0,7975-280084-0011,2,2.19,0.4,0.1783,0.5783
base,8.0,2414-128291-0023,6,2.00,0.4,0.1272,0.5272
base,8.0,3997-182399-0016,1,3.31,0.4,0.1871,0.5871
base,8.0,3080-5040-0022,5,0.36,0.4,0.0976,0.4976
base,8.0,7105-2340-0011,1,5.29,0.4,0.2266,0.6266
base,8.0,2414-128291-0006,2,0.17,0.4,0.1049,0.5049
base,8.0,2033-164915-0009,5,0.24,0.4,0.1160,0.5160
base,8.0,3538-142836-0016,3,0.12,0.4,0.1110,0.5110
base,8.0,7105-2340-0036,2,1.76,0.4,0.1442,0.5442
base,8.0,8131-117029-0010,5,2.00,0.4,0.1326,0.5326
base,8.0,3331-159609-0003,5,0.13,0.4,0.1014,0.5014
base,8.0,7018-75789-0020,6,1.40,0.4,0.1378,0.5378
base,8.0,533-131562-0000,8,0.34,0.4,0.0926,0.4926
base,8.0,2414-128291-0022,2,0.12,0.4,0.1019,0.5019
base,8.0,8461-281231-0016,2,2.04,0.4,0.1099,0.5099
base,8.0,5442-32873-0018,7,0.20,0.4,0.0982,0.4982
base,8.0,1688-142285-0044,1,3.40,0.4,0.1635,0.5635
base,8.0,3764-168670-0023,1,4.54,0.4,0.2165,0.6165
base,8.0,5484-24317-0019,3,1.20,0.4,0.1299,0.5299
base,8.0,4294-14317-0004,3,6.98,0.4,0.2915,0.6915
base,8.0,5484-24318-0004,2,0.23,0.4,0.0959,0.4959
base,8.0,8461-278226-0008,2,1.95,0.4,0.1330,0.5330
base,8.0,2033-164915-0008,4,0.20,0.4,0.1029,0.5029
base,8.0,3764-168670-0009,3,2.20,0.4,0.1547,0.5547
base,8.0,1688-142285-0050,1,5.45,0.4,0.2344,0.6344
base,8.0,3080-5032-0024,5,0.42,0.4,0.1042,0.5042
base,8.0,3764-168671-0045,3,1.80,0.4,0.1412,0.5412
small,2.0,4294-9934-0026,4,1.40,0.4,0.3149,0.7149
small,2.0,3331-159605-0045,3,1.80,0.4,0.3674,0.7674
small,2.0,4852-28312-0018,2,0.66,0.4,0.3391,0.7391
small,2.0,1998-29454-0037,3,1.47,0.4,0.3792,0.7792
small,2.0,4852-28330-0016,4,0.37,0.4,0.4469,0.8469
small,2.0,2609-156975-0011,6,0.70,0.4,0.6285,1.0285
small,2.0,5442-41169-0025,2,0.96,0.4,0.3373,0.7373
small,2.0,6070-86744-0021,2,1.54,0.4,0.3802,0.7802
small,2.0,7018-75788-0010,3,0.10,0.4,0.3351,0.7351
small,2.0,3528-168656-0010,4,0.38,0.4,0.3185,0.7185
small,2.0,4294-35475-0025,2,0.64,0.4,0.3274,0.7274
small,2.0,6432-63723-0034,3,1.50,0.4,0.3646,0.7646
small,2.0,2609-156975-0038,7,1.10,0.4,0.3284,0.7284
small,2.0,6432-63722-0046,3,1.72,0.4,0.3998,0.7998
small,2.0,3005-163389-0016,2,1.10,0.4,0.3327,0.7327
small,2.0,1998-29454-0020,2,1.75,0.4,0.3792,0.7792
small,2.0,7902-96592-0008,2,0.70,0.4,0.2997,0.6997
small,2.0,4852-28311-0014,4,0.59,0.4,0.3245,0.7245
small,2.0,367-130732-0012,6,1.40,0.4,0.3673,0.7673
small,2.0,8188-269288-0051,5,0.53,0.4,0.3338,0.7338
small,2.0,5442-32873-0004,2,0.73,0.4,0.3246,0.7246
small,2.0,3528-168669-0120,2,1.25,0.4,0.3643,0.7643
small,2.0,3528-168669-0076,8,0.33,0.4,0.3227,0.7227
small,2.0,5764-299665-0071,6,0.26,0.4,0.3335,0.7335
small,2.0,8131-117016-0010,4,0.11,0.4,0.3162,0.7162
small,2.0,8280-266249-0002,8,0.35,0.4,0.3133,0.7133
small,2.0,4350-10919-0032,3,0.23,0.4,0.3154,0.7154
small,2.0,3764-168671-0007,5,0.66,0.4,0.3175,0.7175
small,2.0,3331-159609-0007,4,0.14,0.4,0.3077,0.7077
small,2.0,1688-142285-0060,5,1.78,0.4,0.3735,0.7735
small,2.0,3528-168669-0115,5,0.22,0.4,0.3146,0.7146
small,2.0,3538-163619-0010,4,0.34,0.4,0.3248,0.7248
small,2.0,6432-63722-0001,5,2.00,0.4,0.4304,0.8304
small,2.0,7975-280084-0011,4,0.19,0.4,0.3283,0.7283
small,2.0,2414-128291-0023,6,2.00,0.4,0.3505,0.7505
small,2.0,3997-182399-0016,2,1.31,0.4,0.3384,0.7384
small,2.0,3080-5040-0022,8,0.36,0.4,0.3340,0.7340
small,2.0,7105-2340-0011,3,1.29,0.4,0.3543,0.7543
small,2.0,2414-128291-0006,3,0.17,0.4,0.3301,0.7301
small,2.0,2033-164915-0009,6,0.24,0.4,0.3311,0.7311
small,2.0,3538-142836-0016,4,0.12,0.4,0.3327,0.7327
small,2.0,7105-2340-0036,3,1.47,0.4,0.3831,0.7831
small,2.0,8131-117029-0010,7,1.30,0.4,0.3540,0.7540
small,2.0,3331-159609-0003,8,0.13,0.4,0.3302,0.7302
small,2.0,7018-75789-0020,9,0.38,0.4,0.3286,0.7286
small,2.0,533-131562-0000,11,0.34,0.4,0.3321,0.7321
small,2.0,2414-128291-0022,3,0.53,0.4,0.3321,0.7321
small,2.0,8461-281231-0016,3,2.00,0.4,0.3410,0.7410
small,2.0,5442-32873-0018,11,0.20,0.4,0.3102,0.7102
small,2.0,1688-142285-0044,2,1.41,0.4,0.4016,0.8016
small,2.0,3764-168670-0023,3,0.54,0.4,0.3074,0.7074
small,2.0,5484-24317-0019,4,2.00,0.4,0.4220,0.8220
small,2.0,4294-14317-0004,8,0.98,0.4,0.3034,0.7034
small,2.0,5484-24318-0004,3,0.23,0.4,0.3300,0.7300
small,2.0,8461-278226-0008,4,0.55,0.4,0.3199,0.7199
small,2.0,2033-164915-0008,6,0.20,0.4,0.3544,0.7544
small,2.0,3764-168670-0009,3,0.24,0.4,0.3285,0.7285
small,2.0,1688-142285-0050,3,1.45,0.4,0.4004,0.8004
small,2.0,3080-5032-0024,7,0.42,0.4,0.3415,0.7415
small,2.0,3764-168671-0045,4,1.80,0.4,0.3806,0.7806
small,3.0,4294-9934-0026,3,2.70,0.4,0.3750,0.7750
small,3.0,3331-159605-0045,2,0.84,0.4,0.3243,0.7243
small,3.0,4852-28312-0018,1,2.66,0.4,0.3867,0.7867
small,3.0,1998-29454-0037,2,2.46,0.4,0.4410,0.8410
small,3.0,4852-28330-0016,2,2.37,0.4,0.3990,0.7990
small,3.0,2609-156975-0011,4,1.71,0.4,0.3759,0.7759
small,3.0,5442-41169-0025,1,2.96,0.4,0.4652,0.8652
small,3.0,6070-86744-0021,2,0.54,0.4,0.3331,0.7331
small,3.0,7018-75788-0010,3,0.10,0.4,0.3502,0.7502
small,3.0,3528-168656-0010,3,0.38,0.4,0.3426,0.7426
small,3.0,4294-35475-0025,2,2.60,0.4,0.4600,0.8600
small,3.0,6432-63723-0034,3,1.50,0.4,0.3801,0.7801
small,3.0,2609-156975-0038,5,1.10,0.4,0.3384,0.7384
small,3.0,6432-63722-0046,3,0.12,0.4,0.3442,0.7442
small,3.0,3005-163389-0016,2,0.10,0.4,0.3316,0.7316
small,3.0,1998-29454-0020,2,0.75,0.4,0.3144,0.7144
small,3.0,7902-96592-0008,2,0.10,0.4,0.3320,0.7320
small,3.0,4852-28311-0014,3,0.59,0.4,0.3221,0.7221
small,3.0,367-130732-0012,4,0.74,0.4,0.3108,0.7108
small,3.0,8188-269288-0051,5,0.23,0.4,0.3409,0.7409
small,3.0,5442-32873-0004,2,0.23,0.4,0.3261,0.7261
small,3.0,3528-168669-0120,2,1.25,0.4,0.3788,0.7788
small,3.0,3528-168669-0076,6,0.33,0.4,0.3631,0.7631
small,3.0,5764-299665-0071,6,0.26,0.4,0.3412,0.7412
small,3.0,8131-117016-0010,3,0.11,0.4,0.3500,0.7500
small,3.0,8280-266249-0002,6,0.25,0.4,0.3249,0.7249
small,3.0,4350-10919-0032,2,1.24,0.4,0.3784,0.7784
small,3.0,3764-168671-0007,4,2.65,0.4,0.4644,0.8644
small,3.0,3331-159609-0007,3,0.14,0.4,0.3332,0.7332
small,3.0,1688-142285-0060,4,0.78,0.4,0.3766,0.7766
small,3.0,3528-168669-0115,5,0.22,0.4,0.3299,0.7299
small,3.0,3538-163619-0010,4,0.34,0.4,0.3339,0.7339
small,3.0,6432-63722-0001,3,2.04,0.4,0.4149,0.8149
small,3.0,7975-280084-0011,2,2.19,0.4,0.4576,0.8576
small,3.0,2414-128291-0023,6,2.00,0.4,0.3556,0.7556
small,3.0,3997-182399-0016,2,0.32,0.4,0.3350,0.7350
small,3.0,3080-5040-0022,6,0.76,0.4,0.4054,0.8054
small,3.0,7105-2340-0011,2,2.29,0.4,0.4163,0.8163
small,3.0,2414-128291-0006,2,0.47,0.4,0.3333,0.7333
small,3.0,2033-164915-0009,5,0.24,0.4,0.3468,0.7468
small,3.0,3538-142836-0016,4,0.12,0.4,0.3459,0.7459
small,3.0,7105-2340-0036,2,1.76,0.4,0.3811,0.7811
small,3.0,8131-117029-0010,5,2.00,0.4,0.3602,0.7602
small,3.0,3331-159609-0003,6,0.73,0.4,0.3125,0.7125
small,3.0,7018-75789-0020,8,1.40,0.4,0.3870,0.7870
small,3.0,533-131562-0000,9,0.34,0.4,0.3552,0.7552
small,3.0,2414-128291-0022,3,0.12,0.4,0.3306,0.7306
small,3.0,8461-281231-0016,2,2.04,0.4,0.3583,0.7583
small,3.0,5442-32873-0018,8,0.70,0.4,0.3868,0.7868
small,3.0,1688-142285-0044,2,0.41,0.4,0.3177,0.7177
small,3.0,3764-168670-0023,2,1.53,0.4,0.4036,0.8036
small,3.0,5484-24317-0019,4,1.20,0.4,0.3506,0.7506
small,3.0,4294-14317-0004,6,0.78,0.4,0.3104,0.7104
small,3.0,5484-24318-0004,2,0.82,0.4,0.3111,0.7111
small,3.0,8461-278226-0008,3,1.95,0.4,0.3944,0.7944
small,3.0,2033-164915-0008,5,0.20,0.4,0.3323,0.7323
small,3.0,3764-168670-0009,3,2.20,0.4,0.4118,0.8118
small,3.0,1688-142285-0050,2,2.45,0.4,0.3702,0.7702
small,3.0,3080-5032-0024,6,0.42,0.4,0.3389,0.7389
small,3.0,3764-168671-0045,3,2.70,0.4,0.4375,0.8375
small,4.0,4294-9934-0026,3,2.70,0.4,0.3700,0.7700
small,4.0,3331-159605-0045,2,3.80,0.4,0.5317,0.9317
small,4.0,4852-28312-0018,1,2.66,0.4,0.4116,0.8116
small,4.0,1998-29454-0037,2,1.47,0.4,0.3674,0.7674
small,4.0,4852-28330-0016,2,2.37,0.4,0.4193,0.8193
small,4.0,2609-156975-0011,3,2.71,0.4,0.4280,0.8280
small,4.0,5442-41169-0025,1,2.96,0.4,0.4716,0.8716
small,4.0,6070-86744-0021,1,3.54,0.4,0.4865,0.8865
small,4.0,7018-75788-0010,2,0.10,0.4,0.3335,0.7335
small,4.0,3528-168656-0010,3,0.38,0.4,0.3395,0.7395
small,4.0,4294-35475-0025,2,2.60,0.4,0.4555,0.8555
small,4.0,6432-63723-0034,3,1.50,0.4,0.3589,0.7589
small,4.0,2609-156975-0038,4,1.10,0.4,0.3180,0.7180
small,4.0,6432-63722-0046,2,3.12,0.4,0.4815,0.8815
small,4.0,3005-163389-0016,1,3.10,0.4,0.4548,0.8548
small,4.0,1998-29454-0020,1,3.75,0.4,0.4717,0.8717
small,4.0,7902-96592-0008,2,0.10,0.4,0.3361,0.7361
small,4.0,4852-28311-0014,2,2.59,0.4,0.5089,0.9089
small,4.0,367-130732-0012,4,0.74,0.4,0.3388,0.7388
small,4.0,8188-269288-0051,5,0.23,0.4,0.3277,0.7277
small,4.0,5442-32873-0004,2,0.23,0.4,0.3348,0.7348
small,4.0,3528-168669-0120,2,1.25,0.4,0.4054,0.8054
small,4.0,3528-168669-0076,5,0.33,0.4,0.3334,0.7334
small,4.0,5764-299665-0071,6,0.26,0.4,0.3295,0.7295
small,4.0,8131-117016-0010,3,0.11,0.4,0.3272,0.7272
small,4.0,8280-266249-0002,5,0.35,0.4,0.3291,0.7291
small,4.0,4350-10919-0032,2,0.23,0.4,0.3449,0.7449
small,4.0,3764-168671-0007,3,2.65,0.4,0.4507,0.8507
small,4.0,3331-159609-0007,3,0.14,0.4,0.3373,0.7373
small,4.0,1688-142285-0060,3,1.78,0.4,0.3946,0.7946
small,4.0,3528-168669-0115,5,0.22,0.4,0.3224,0.7224
small,4.0,3538-163619-0010,3,0.34,0.4,0.3333,0.7333
small,4.0,6432-63722-0001,3,4.00,0.4,0.4996,0.8996
small,4.0,7975-280084-0011,2,2.19,0.4,0.4310,0.8310
small,4.0,2414-128291-0023,6,2.00,0.4,0.3635,0.7635
small,4.0,3997-182399-0016,1,3.31,0.4,0.4692,0.8692
small,4.0,3080-5040-0022,5,0.36,0.4,0.3285,0.7285
small,4.0,7105-2340-0011,2,1.29,0.4,0.3791,0.7791
small,4.0,2414-128291-0006,2,0.17,0.4,0.3606,0.7606
small,4.0,2033-164915-0009,5,0.24,0.4,0.3286,0.7286
small,4.0,3538-142836-0016,3,0.12,0.4,0.3238,0.7238
small,4.0,7105-2340-0036,2,1.76,0.4,0.4010,0.8010
small,4.0,8131-117029-0010,5,2.00,0.4,0.3663,0.7663
small,4.0,3331-159609-0003,6,0.13,0.4,0.3551,0.7551
small,4.0,7018-75789-0020,7,1.40,0.4,0.3886,0.7886
small,4.0,533-131562-0000,8,0.34,0.4,0.3400,0.7400
small,4.0,2414-128291-0022,2,0.53,0.4,0.3319,0.7319
small,4.0,8461-281231-0016,2,2.04,0.4,0.3541,0.7541
small,4.0,5442-32873-0018,7,0.20,0.4,0.3454,0.7454
small,4.0,1688-142285-0044,1,3.40,0.4,0.4314,0.8314
small,4.0,3764-168670-0023,2,0.54,0.4,0.3210,0.7210
small,4.0,5484-24317-0019,3,2.00,0.4,0.3982,0.7982
small,4.0,4294-14317-0004,4,2.98,0.4,0.4865,0.8865
small,4.0,5484-24318-0004,2,0.23,0.4,0.3218,0.7218
small,4.0,8461-278226-0008,2,2.54,0.4,0.3860,0.7860
small,4.0,2033-164915-0008,4,0.41,0.4,0.3305,0.7305
small,4.0,3764-168670-0009,3,2.20,0.4,0.4285,0.8285
small,4.0,1688-142285-0050,2,1.45,0.4,0.4156,0.8156
small,4.0,3080-5032-0024,6,0.42,0.4,0.3506,0.7506
small,4.0,3764-168671-0045,3,1.80,0.4,0.3819,0.7819
small,6.0,4294-9934-0026,3,2.70,0.4,0.3590,0.7590
small,6.0,3331-159605-0045,2,3.80,0.4,0.5177,0.9177
small,6.0,4852-28312-0018,1,2.66,0.4,0.3625,0.7625
small,6.0,1998-29454-0037,1,5.46,0.4,0.5844,0.9844
small,6.0,4852-28330-0016,2,2.37,0.4,0.4140,0.8140
small,6.0,2609-156975-0011,2,4.71,0.4,0.5065,0.9065
small,6.0,5442-41169-0025,1,2.96,0.4,0.4388,0.8388
small,6.0,6070-86744-0021,1,3.54,0.4,0.4603,0.8603
small,6.0,7018-75788-0010,2,0.10,0.4,0.3261,0.7261
small,6.0,3528-168656-0010,2,0.38,0.4,0.3549,0.7549
small,6.0,4294-35475-0025,2,2.60,0.4,0.4725,0.8725
small,6.0,6432-63723-0034,3,1.50,0.4,0.3739,0.7739
small,6.0,2609-156975-0038,3,1.10,0.4,0.3605,0.7605
small,6.0,6432-63722-0046,2,3.12,0.4,0.5515,0.9515
small,6.0,3005-163389-0016,1,3.10,0.4,0.4639,0.8639
small,6.0,1998-29454-0020,1,3.75,0.4,0.4784,0.8784
small,6.0,7902-96592-0008,2,0.10,0.4,0.3381,0.7381
small,6.0,4852-28311-0014,2,0.59,0.4,0.3233,0.7233
small,6.0,367-130732-0012,3,0.74,0.4,0.3707,0.7707
small,6.0,8188-269288-0051,5,0.23,0.4,0.3238,0.7238
small,6.0,5442-32873-0004,2,0.23,0.4,0.3476,0.7476
small,6.0,3528-168669-0120,2,1.25,0.4,0.3723,0.7723
small,6.0,3528-168669-0076,5,0.33,0.4,0.3524,0.7524
small,6.0,5764-299665-0071,6,0.26,0.4,0.3386,0.7386
small,6.0,8131-117016-0010,3,0.11,0.4,0.3293,0.7293
small,6.0,8280-266249-0002,4,0.35,0.4,0.3347,0.7347
small,6.0,4350-10919-0032,1,4.24,0.4,0.5928,0.9928
small,6.0,3764-168671-0007,3,2.65,0.4,0.4627,0.8627
small,6.0,3331-159609-0007,2,0.14,0.4,0.3367,0.7367
small,6.0,1688-142285-0060,2,3.78,0.4,0.4811,0.8811
small,6.0,3528-168669-0115,5,0.22,0.4,0.3269,0.7269
small,6.0,3538-163619-0010,3,0.34,0.4,0.3301,0.7301
small,6.0,6432-63722-0001,2,2.04,0.4,0.4072,0.8072
small,6.0,7975-280084-0011,2,2.19,0.4,0.4273,0.8273
small,6.0,2414-128291-0023,6,2.00,0.4,0.3576,0.7576
small,6.0,3997-182399-0016,1,3.31,0.4,0.4335,0.8335
small,6.0,3080-5040-0022,5,0.36,0.4,0.3377,0.7377
small,6.0,7105-2340-0011,1,5.29,0.4,0.5246,0.9246
small,6.0,2414-128291-0006,2,0.17,0.4,0.3243,0.7243
small,6.0,2033-164915-0009,5,0.24,0.4,0.3151,0.7151
small,6.0,3538-142836-0016,3,0.12,0.4,0.3210,0.7210
small,6.0,7105-2340-0036,2,1.76,0.4,0.3958,0.7958
small,6.0,8131-117029-0010,5,2.00,0.4,0.3540,0.7540
small,6.0,3331-159609-0003,5,0.13,0.4,0.3185,0.7185
small,6.0,7018-75789-0020,6,1.40,0.4,0.4008,0.8008
small,6.0,533-131562-0000,8,0.34,0.4,0.3500,0.7500
small,6.0,2414-128291-0022,2,0.12,0.4,0.3356,0.7356
small,6.0,8461-281231-0016,2,2.04,0.4,0.3535,0.7535
small,6.0,5442-32873-0018,7,0.20,0.4,0.3342,0.7342
small,6.0,1688-142285-0044,1,3.40,0.4,0.4508,0.8508
small,6.0,3764-168670-0023,1,4.54,0.4,0.5677,0.9677
small,6.0,5484-24317-0019,3,1.20,0.4,0.3847,0.7847
small,6.0,4294-14317-0004,4,0.98,0.4,0.3142,0.7142
small,6.0,5484-24318-0004,2,0.23,0.4,0.3212,0.7212
small,6.0,8461-278226-0008,2,1.95,0.4,0.3966,0.7966
small,6.0,2033-164915-0008,4,0.20,0.4,0.3362,0.7362
small,6.0,3764-168670-0009,3,2.20,0.4,0.4283,0.8283
small,6.0,1688-142285-0050,1,5.45,0.4,0.6169,1.0169
small,6.0,3080-5032-0024,5,0.42,0.4,0.3288,0.7288
small,6.0,3764-168671-0045,3,1.80,0.4,0.3805,0.7805
small,8.0,4294-9934-0026,3,2.70,0.4,0.3490,0.7490
small,8.0,3331-159605-0045,2,3.80,0.4,0.4702,0.8702
small,8.0,4852-28312-0018,1,2.66,0.4,0.3624,0.7624
small,8.0,1998-29454-0037,1,5.46,0.4,0.5666,0.9666
small,8.0,4852-28330-0016,2,2.37,0.4,0.3744,0.7744
small,8.0,2609-156975-0011,2,2.71,0.4,0.4172,0.8172
small,8.0,5442-41169-0025,1,2.96,0.4,0.4533,0.8533
small,8.0,6070-86744-0021,1,3.54,0.4,0.4656,0.8656
small,8.0,7018-75788-0010,2,0.10,0.4,0.3185,0.7185
small,8.0,3528-168656-0010,2,0.38,0.4,0.3148,0.7148
small,8.0,4294-35475-0025,2,2.60,0.4,0.4428,0.8428
small,8.0,6432-63723-0034,3,1.50,0.4,0.3718,0.7718
small,8.0,2609-156975-0038,2,5.10,0.4,0.4545,0.8545
small,8.0,6432-63722-0046,2,3.12,0.4,0.4892,0.8892
small,8.0,3005-163389-0016,1,3.10,0.4,0.4669,0.8669
small,8.0,1998-29454-0020,1,3.75,0.4,0.4562,0.8562
small,8.0,7902-96592-0008,2,0.10,0.4,0.3090,0.7090
small,8.0,4852-28311-0014,1,6.59,0.4,0.6131,1.0131
small,8.0,367-130732-0012,3,0.74,0.4,0.3461,0.7461
small,8.0,8188-269288-0051,5,0.23,0.4,0.3104,0.7104
small,8.0,5442-32873-0004,2,0.23,0.4,0.3355,0.7355
small,8.0,3528-168669-0120,2,1.25,0.4,0.3730,0.7730
small,8.0,3528-168669-0076,4,0.33,0.4,0.3391,0.7391
small,8.0,5764-299665-0071,6,0.26,0.4,0.3309,0.7309
small,8.0,8131-117016-0010,3,0.11,0.4,0.3447,0.7447
small,8.0,8280-266249-0002,4,0.35,0.4,0.3325,0.7325
small,8.0,4350-10919-0032,1,4.24,0.4,0.5763,0.9763
small,8.0,3764-168671-0007,3,2.65,0.4,0.4477,0.8477
small,8.0,3331-159609-0007,2,0.14,0.4,0.3321,0.7321
small,8.0,1688-142285-0060,2,1.78,0.4,0.3914,0.7914
small,8.0,3528-168669-0115,5,0.22,0.4,0.3281,0.7281
small,8.0,3538-163619-0010,3,0.34,0.4,0.3406,0.7406
small,8.0,6432-63722-0001,2,8.00,0.4,0.7447,1.1447
small,8.0,7975-280084-0011,2,2.19,0.4,0.4170,0.8170
small,8.0,2414-128291-0023,6,2.00,0.4,0.3750,0.7750
small,8.0,3997-182399-0016,1,3.31,0.4,0.4740,0.8740
small,8.0,3080-5040-0022,5,0.36,0.4,0.3635,0.7635
small,8.0,7105-2340-0011,1,5.29,0.4,0.5681,0.9681
small,8.0,2414-128291-0006,2,0.17,0.4,0.3455,0.7455
small,8.0,2033-164915-0009,5,0.24,0.4,0.3254,0.7254
small,8.0,3538-142836-0016,3,0.12,0.4,0.3263,0.7263
small,8.0,7105-2340-0036,2,1.76,0.4,0.3958,0.7958
small,8.0,8131-117029-0010,5,2.00,0.4,0.3669,0.7669
small,8.0,3331-159609-0003,5,0.13,0.4,0.3207,0.7207
small,8.0,7018-75789-0020,6,1.40,0.4,0.3826,0.7826
small,8.0,533-131562-0000,8,0.34,0.4,0.3213,0.7213
small,8.0,2414-128291-0022,2,0.12,0.4,0.3376,0.7376
small,8.0,8461-281231-0016,2,2.04,0.4,0.3408,0.7408
small,8.0,5442-32873-0018,7,0.20,0.4,0.3174,0.7174
small,8.0,1688-142285-0044,1,3.40,0.4,0.4420,0.8420
small,8.0,3764-168670-0023,1,4.54,0.4,0.5594,0.9594
small,8.0,5484-24317-0019,3,1.20,0.4,0.3512,0.7512
small,8.0,4294-14317-0004,3,6.98,0.4,0.8066,1.2066
small,8.0,5484-24318-0004,2,0.23,0.4,0.3502,0.7502
small,8.0,8461-278226-0008,2,1.95,0.4,0.4190,0.8190
small,8.0,2033-164915-0008,4,0.20,0.4,0.3363,0.7363
small,8.0,3764-168670-0009,3,2.20,0.4,0.4207,0.8207
small,8.0,1688-142285-0050,1,5.45,0.4,0.6295,1.0295
small,8.0,3080-5032-0024,5,0.42,0.4,0.3513,0.7513
small,8.0,3764-168671-0045,3,1.80,0.4,0.3929,0.7929
large-v3-turbo,2.0,4294-9934-0026,4,1.40,0.4,1.2726,1.6726
large-v3-turbo,2.0,3331-159605-0045,3,1.80,0.4,1.2766,1.6766
large-v3-turbo,2.0,4852-28312-0018,2,0.66,0.4,1.2593,1.6593
large-v3-turbo,2.0,1998-29454-0037,3,1.47,0.4,1.2729,1.6729
large-v3-turbo,2.0,4852-28330-0016,4,0.37,0.4,1.2551,1.6551
large-v3-turbo,2.0,2609-156975-0011,6,0.70,0.4,1.2662,1.6662
large-v3-turbo,2.0,5442-41169-0025,2,0.96,0.4,1.2847,1.6847
large-v3-turbo,2.0,6070-86744-0021,2,1.54,0.4,1.3656,1.7656
large-v3-turbo,2.0,7018-75788-0010,3,0.10,0.4,1.3171,1.7171
large-v3-turbo,2.0,3528-168656-0010,4,0.38,0.4,1.2726,1.6726
large-v3-turbo,2.0,4294-35475-0025,2,0.64,0.4,1.3197,1.7197
large-v3-turbo,2.0,6432-63723-0034,3,1.50,0.4,1.3222,1.7222
large-v3-turbo,2.0,2609-156975-0038,7,1.10,0.4,1.2685,1.6685
large-v3-turbo,2.0,6432-63722-0046,3,1.72,0.4,1.3048,1.7048
large-v3-turbo,2.0,3005-163389-0016,2,1.10,0.4,1.2843,1.6843
large-v3-turbo,2.0,1998-29454-0020,2,1.75,0.4,1.3047,1.7047
large-v3-turbo,2.0,7902-96592-0008,2,0.70,0.4,1.2866,1.6866
large-v3-turbo,2.0,4852-28311-0014,4,0.59,0.4,1.3087,1.7087
large-v3-turbo,2.0,367-130732-0012,6,1.40,0.4,1.4453,1.8453
large-v3-turbo,2.0,8188-269288-0051,5,0.53,0.4,1.1921,1.5921
large-v3-turbo,2.0,5442-32873-0004,2,0.73,0.4,1.1273,1.5273
large-v3-turbo,2.0,3528-168669-0120,2,1.25,0.4,1.2846,1.6846
large-v3-turbo,2.0,3528-168669-0076,8,0.33,0.4,1.0874,1.4874
large-v3-turbo,2.0,5764-299665-0071,6,0.26,0.4,1.0913,1.4913
large-v3-turbo,2.0,8131-117016-0010,4,0.11,0.4,1.1021,1.5021
large-v3-turbo,2.0,8280-266249-0002,8,0.35,0.4,1.0659,1.4659
large-v3-turbo,2.0,4350-10919-0032,3,0.23,0.4,1.0491,1.4491
large-v3-turbo,2.0,3764-168671-0007,5,0.66,0.4,1.0395,1.4395
large-v3-turbo,2.0,3331-159609-0007,4,0.14,0.4,1.0355,1.4355
large-v3-turbo,2.0,1688-142285-0060,5,1.78,0.4,1.0925,1.4925
large-v3-turbo,2.0,3528-168669-0115,5,0.22,0.4,1.0838,1.4838
large-v3-turbo,2.0,3538-163619-0010,4,0.34,0.4,1.0908,1.4908
large-v3-turbo,2.0,6432-63722-0001,5,2.00,0.4,1.0859,1.4859
large-v3-turbo,2.0,7975-280084-0011,4,0.19,0.4,1.0241,1.4241
large-v3-turbo,2.0,2414-128291-0023,6,2.00,0.4,1.0744,1.4744
large-v3-turbo,2.0,3997-182399-0016,2,1.31,0.4,1.0412,1.4412
large-v3-turbo,2.0,3080-5040-0022,8,0.36,0.4,1.0384,1.4384
large-v3-turbo,2.0,7105-2340-0011,3,1.29,0.4,1.0748,1.4748
large-v3-turbo,2.0,2414-128291-0006,3,0.17,0.4,1.0513,1.4513
large-v3-turbo,2.0,2033-164915-0009,6,0.24,0.4,1.0527,1.4527
large-v3-turbo,2.0,3538-142836-0016,4,0.12,0.4,1.0504,1.4504
large-v3-turbo,2.0,7105-2340-0036,3,1.47,0.4,1.0621,1.4621
large-v3-turbo,2.0,8131-117029-0010,7,1.30,0.4,1.0754,1.4754
large-v3-turbo,2.0,3331-159609-0003,8,0.13,0.4,1.0487,1.4487
large-v3-turbo,2.0,7018-75789-0020,9,0.38,0.4,1.0334,1.4334
large-v3-turbo,2.0,533-131562-0000,11,0.34,0.4,1.0541,1.4541
large-v3-turbo,2.0,2414-128291-0022,3,0.53,0.4,1.0352,1.4352
large-v3-turbo,2.0,8461-281231-0016,3,2.00,0.4,1.0523,1.4523
large-v3-turbo,2.0,5442-32873-0018,11,0.20,0.4,1.0557,1.4557
large-v3-turbo,2.0,1688-142285-0044,2,1.41,0.4,1.0594,1.4594
large-v3-turbo,2.0,3764-168670-0023,3,0.54,0.4,1.0254,1.4254
large-v3-turbo,2.0,5484-24317-0019,4,2.00,0.4,1.0985,1.4985
large-v3-turbo,2.0,4294-14317-0004,8,0.98,0.4,1.0116,1.4116
large-v3-turbo,2.0,5484-24318-0004,3,0.23,0.4,1.0307,1.4307
large-v3-turbo,2.0,8461-278226-0008,4,0.55,0.4,1.0315,1.4315
large-v3-turbo,2.0,2033-164915-0008,6,0.20,0.4,1.0504,1.4504
large-v3-turbo,2.0,3764-168670-0009,3,0.24,0.4,1.0501,1.4501
large-v3-turbo,2.0,1688-142285-0050,3,1.45,0.4,1.0684,1.4684
large-v3-turbo,2.0,3080-5032-0024,7,0.42,0.4,1.0195,1.4195
large-v3-turbo,2.0,3764-168671-0045,4,1.80,0.4,1.1129,1.5129
large-v3-turbo,3.0,4294-9934-0026,3,2.70,0.4,1.0696,1.4696
large-v3-turbo,3.0,3331-159605-0045,2,0.84,0.4,1.0347,1.4347
large-v3-turbo,3.0,4852-28312-0018,1,2.66,0.4,1.0704,1.4704
large-v3-turbo,3.0,1998-29454-0037,2,2.46,0.4,1.0871,1.4871
large-v3-turbo,3.0,4852-28330-0016,2,2.37,0.4,1.0693,1.4693
large-v3-turbo,3.0,2609-156975-0011,4,1.71,0.4,1.0166,1.4166
large-v3-turbo,3.0,5442-41169-0025,1,2.96,0.4,1.0875,1.4875
large-v3-turbo,3.0,6070-86744-0021,2,0.54,0.4,1.0365,1.4365
large-v3-turbo,3.0,7018-75788-0010,3,0.10,0.4,1.0561,1.4561
large-v3-turbo,3.0,3528-168656-0010,3,0.38,0.4,1.0532,1.4532
large-v3-turbo,3.0,4294-35475-0025,2,2.60,0.4,1.1342,1.5342
large-v3-turbo,3.0,6432-63723-0034,3,1.50,0.4,1.0524,1.4524
large-v3-turbo,3.0,2609-156975-0038,5,1.10,0.4,1.0411,1.4411
large-v3-turbo,3.0,6432-63722-0046,3,0.12,0.4,1.0082,1.4082
large-v3-turbo,3.0,3005-163389-0016,2,0.10,0.4,1.0277,1.4277
large-v3-turbo,3.0,1998-29454-0020,2,0.75,0.4,1.0145,1.4145
large-v3-turbo,3.0,7902-96592-0008,2,0.10,0.4,1.0406,1.4406
large-v3-turbo,3.0,4852-28311-0014,3,0.59,0.4,1.0641,1.4641
large-v3-turbo,3.0,367-130732-0012,4,0.74,0.4,1.0282,1.4282
large-v3-turbo,3.0,8188-269288-0051,5,0.23,0.4,1.0197,1.4197
large-v3-turbo,3.0,5442-32873-0004,2,0.23,0.4,1.0645,1.4645
large-v3-turbo,3.0,3528-168669-0120,2,1.25,0.4,1.0664,1.4664
large-v3-turbo,3.0,3528-168669-0076,6,0.33,0.4,1.0727,1.4727
large-v3-turbo,3.0,5764-299665-0071,6,0.26,0.4,1.0478,1.4478
large-v3-turbo,3.0,8131-117016-0010,3,0.11,0.4,1.0250,1.4250
large-v3-turbo,3.0,8280-266249-0002,6,0.25,0.4,1.0169,1.4169
large-v3-turbo,3.0,4350-10919-0032,2,1.24,0.4,1.0916,1.4916
large-v3-turbo,3.0,3764-168671-0007,4,2.65,0.4,1.0967,1.4967
large-v3-turbo,3.0,3331-159609-0007,3,0.14,0.4,1.0224,1.4224
large-v3-turbo,3.0,1688-142285-0060,4,0.78,0.4,1.0474,1.4474
large-v3-turbo,3.0,3528-168669-0115,5,0.22,0.4,1.0454,1.4454
large-v3-turbo,3.0,3538-163619-0010,4,0.34,0.4,1.0255,1.4255
large-v3-turbo,3.0,6432-63722-0001,3,2.04,0.4,1.0535,1.4535
large-v3-turbo,3.0,7975-280084-0011,2,2.19,0.4,1.1069,1.5069
large-v3-turbo,3.0,2414-128291-0023,6,2.00,0.4,1.0364,1.4364
large-v3-turbo,3.0,3997-182399-0016,2,0.32,0.4,1.0163,1.4163
large-v3-turbo,3.0,3080-5040-0022,6,0.76,0.4,1.0417,1.4417
large-v3-turbo,3.0,7105-2340-0011,2,2.29,0.4,0.9937,1.3937
large-v3-turbo,3.0,2414-128291-0006,2,0.47,0.4,0.8058,1.2058
large-v3-turbo,3.0,2033-164915-0009,5,0.24,0.4,0.8107,1.2107
large-v3-turbo,3.0,3538-142836-0016,4,0.12,0.4,0.8178,1.2178
large-v3-turbo,3.0,7105-2340-0036,2,1.76,0.4,0.8253,1.2253
large-v3-turbo,3.0,8131-117029-0010,5,2.00,0.4,0.8232,1.2232
large-v3-turbo,3.0,3331-159609-0003,6,0.73,0.4,0.8084,1.2084
large-v3-turbo,3.0,7018-75789-0020,8,1.40,0.4,0.8217,1.2217
large-v3-turbo,3.0,533-131562-0000,9,0.34,0.4,1.0466,1.4466
large-v3-turbo,3.0,2414-128291-0022,3,0.12,0.4,1.0592,1.4592
large-v3-turbo,3.0,8461-281231-0016,2,2.04,0.4,1.0608,1.4608
large-v3-turbo,3.0,5442-32873-0018,8,0.70,0.4,0.8245,1.2245
large-v3-turbo,3.0,1688-142285-0044,2,0.41,0.4,0.8194,1.2194
large-v3-turbo,3.0,3764-168670-0023,2,1.53,0.4,0.8531,1.2531
large-v3-turbo,3.0,5484-24317-0019,4,1.20,0.4,0.8329,1.2329
large-v3-turbo,3.0,4294-14317-0004,6,0.78,0.4,0.8078,1.2078
large-v3-turbo,3.0,5484-24318-0004,2,0.82,0.4,0.8114,1.2114
large-v3-turbo,3.0,8461-278226-0008,3,1.95,0.4,0.8291,1.2291
large-v3-turbo,3.0,2033-164915-0008,5,0.20,0.4,0.8115,1.2115
large-v3-turbo,3.0,3764-168670-0009,3,2.20,0.4,1.0875,1.4875
large-v3-turbo,3.0,1688-142285-0050,2,2.45,0.4,1.0452,1.4452
large-v3-turbo,3.0,3080-5032-0024,6,0.42,0.4,1.0944,1.4944
large-v3-turbo,3.0,3764-168671-0045,3,2.70,0.4,1.0887,1.4887
large-v3-turbo,4.0,4294-9934-0026,3,2.70,0.4,1.0855,1.4855
large-v3-turbo,4.0,3331-159605-0045,2,3.80,0.4,1.1234,1.5234
large-v3-turbo,4.0,4852-28312-0018,1,2.66,0.4,1.2147,1.6147
large-v3-turbo,4.0,1998-29454-0037,2,1.47,0.4,1.4094,1.8094
large-v3-turbo,4.0,4852-28330-0016,2,2.37,0.4,1.3455,1.7455
large-v3-turbo,4.0,2609-156975-0011,3,2.71,0.4,1.3225,1.7225
large-v3-turbo,4.0,5442-41169-0025,1,2.96,0.4,1.3608,1.7608
large-v3-turbo,4.0,6070-86744-0021,1,3.54,0.4,1.3242,1.7242
large-v3-turbo,4.0,7018-75788-0010,2,0.10,0.4,1.2778,1.6778
large-v3-turbo,4.0,3528-168656-0010,3,0.38,0.4,0.9094,1.3094
large-v3-turbo,4.0,4294-35475-0025,2,2.60,0.4,0.9600,1.3600
large-v3-turbo,4.0,6432-63723-0034,3,1.50,0.4,0.9287,1.3287
large-v3-turbo,4.0,2609-156975-0038,4,1.10,0.4,0.9094,1.3094
large-v3-turbo,4.0,6432-63722-0046,2,3.12,0.4,0.9747,1.3747
large-v3-turbo,4.0,3005-163389-0016,1,3.10,0.4,0.9786,1.3786
large-v3-turbo,4.0,1998-29454-0020,1,3.75,0.4,0.9847,1.3847
large-v3-turbo,4.0,7902-96592-0008,2,0.10,0.4,0.9274,1.3274
large-v3-turbo,4.0,4852-28311-0014,2,2.59,0.4,1.0011,1.4011
large-v3-turbo,4.0,367-130732-0012,4,0.74,0.4,0.9133,1.3133
large-v3-turbo,4.0,8188-269288-0051,5,0.23,0.4,0.9178,1.3178
large-v3-turbo,4.0,5442-32873-0004,2,0.23,0.4,0.9265,1.3265
large-v3-turbo,4.0,3528-168669-0120,2,1.25,0.4,0.9291,1.3291
large-v3-turbo,4.0,3528-168669-0076,5,0.33,0.4,0.9156,1.3156
large-v3-turbo,4.0,5764-299665-0071,6,0.26,0.4,1.2825,1.6825
large-v3-turbo,4.0,8131-117016-0010,3,0.11,0.4,1.2681,1.6681
large-v3-turbo,4.0,8280-266249-0002,5,0.35,0.4,1.2574,1.6574
large-v3-turbo,4.0,4350-10919-0032,2,0.23,0.4,1.2834,1.6834
large-v3-turbo,4.0,3764-168671-0007,3,2.65,0.4,1.4754,1.8754
large-v3-turbo,4.0,3331-159609-0007,3,0.14,0.4,1.3051,1.7051
large-v3-turbo,4.0,1688-142285-0060,3,1.78,0.4,1.4065,1.8065
large-v3-turbo,4.0,3528-168669-0115,5,0.22,0.4,1.2785,1.6785
large-v3-turbo,4.0,3538-163619-0010,3,0.34,0.4,1.2715,1.6715
large-v3-turbo,4.0,6432-63722-0001,3,4.00,0.4,1.3935,1.7935
large-v3-turbo,4.0,7975-280084-0011,2,2.19,0.4,1.4046,1.8046
large-v3-turbo,4.0,2414-128291-0023,6,2.00,0.4,1.3178,1.7178
large-v3-turbo,4.0,3997-182399-0016,1,3.31,0.4,1.4240,1.8240
large-v3-turbo,4.0,3080-5040-0022,5,0.36,0.4,1.3886,1.7886
large-v3-turbo,4.0,7105-2340-0011,2,1.29,0.4,1.3326,1.7326
large-v3-turbo,4.0,2414-128291-0006,2,0.17,0.4,1.3670,1.7670
large-v3-turbo,4.0,2033-164915-0009,5,0.24,0.4,1.2668,1.6668
large-v3-turbo,4.0,3538-142836-0016,3,0.12,0.4,1.2901,1.6901
large-v3-turbo,4.0,7105-2340-0036,2,1.76,0.4,1.3421,1.7421
large-v3-turbo,4.0,8131-117029-0010,5,2.00,0.4,1.3761,1.7761
large-v3-turbo,4.0,3331-159609-0003,6,0.13,0.4,1.2532,1.6532
large-v3-turbo,4.0,7018-75789-0020,7,1.40,0.4,1.3638,1.7638
large-v3-turbo,4.0,533-131562-0000,8,0.34,0.4,1.2847,1.6847
large-v3-turbo,4.0,2414-128291-0022,2,0.53,0.4,1.2727,1.6727
large-v3-turbo,4.0,8461-281231-0016,2,2.04,0.4,1.2956,1.6956
large-v3-turbo,4.0,5442-32873-0018,7,0.20,0.4,1.3004,1.7004
large-v3-turbo,4.0,1688-142285-0044,1,3.40,0.4,1.3110,1.7110
large-v3-turbo,4.0,3764-168670-0023,2,0.54,0.4,1.2528,1.6528
large-v3-turbo,4.0,5484-24317-0019,3,2.00,0.4,1.3547,1.7547
large-v3-turbo,4.0,4294-14317-0004,4,2.98,0.4,1.4085,1.8085
large-v3-turbo,4.0,5484-24318-0004,2,0.23,0.4,1.3046,1.7046
large-v3-turbo,4.0,8461-278226-0008,2,2.54,0.4,1.3340,1.7340
large-v3-turbo,4.0,2033-164915-0008,4,0.41,0.4,1.2940,1.6940
large-v3-turbo,4.0,3764-168670-0009,3,2.20,0.4,1.3404,1.7404
large-v3-turbo,4.0,1688-142285-0050,2,1.45,0.4,1.3314,1.7314
large-v3-turbo,4.0,3080-5032-0024,6,0.42,0.4,1.2649,1.6649
large-v3-turbo,4.0,3764-168671-0045,3,1.80,0.4,1.3220,1.7220
large-v3-turbo,6.0,4294-9934-0026,3,2.70,0.4,1.3267,1.7267
large-v3-turbo,6.0,3331-159605-0045,2,3.80,0.4,1.4626,1.8626
large-v3-turbo,6.0,4852-28312-0018,1,2.66,0.4,1.3659,1.7659
large-v3-turbo,6.0,1998-29454-0037,1,5.46,0.4,1.4758,1.8758
large-v3-turbo,6.0,4852-28330-0016,2,2.37,0.4,1.3930,1.7930
large-v3-turbo,6.0,2609-156975-0011,2,4.71,0.4,1.4611,1.8611
large-v3-turbo,6.0,5442-41169-0025,1,2.96,0.4,1.3852,1.7852
large-v3-turbo,6.0,6070-86744-0021,1,3.54,0.4,1.3977,1.7977
large-v3-turbo,6.0,7018-75788-0010,2,0.10,0.4,1.3251,1.7251
large-v3-turbo,6.0,3528-168656-0010,2,0.38,0.4,1.3013,1.7013
large-v3-turbo,6.0,4294-35475-0025,2,2.60,0.4,1.3826,1.7826
large-v3-turbo,6.0,6432-63723-0034,3,1.50,0.4,1.3408,1.7408
large-v3-turbo,6.0,2609-156975-0038,3,1.10,0.4,1.3294,1.7294
large-v3-turbo,6.0,6432-63722-0046,2,3.12,0.4,1.4215,1.8215
large-v3-turbo,6.0,3005-163389-0016,1,3.10,0.4,1.3772,1.7772
large-v3-turbo,6.0,1998-29454-0020,1,3.75,0.4,1.4213,1.8213
large-v3-turbo,6.0,7902-96592-0008,2,0.10,0.4,1.2793,1.6793
large-v3-turbo,6.0,4852-28311-0014,2,0.59,0.4,1.2633,1.6633
large-v3-turbo,6.0,367-130732-0012,3,0.74,0.4,1.3217,1.7217
large-v3-turbo,6.0,8188-269288-0051,5,0.23,0.4,1.3284,1.7284
large-v3-turbo,6.0,5442-32873-0004,2,0.23,0.4,1.3043,1.7043
large-v3-turbo,6.0,3528-168669-0120,2,1.25,0.4,1.3202,1.7202
large-v3-turbo,6.0,3528-168669-0076,5,0.33,0.4,1.2463,1.6463
large-v3-turbo,6.0,5764-299665-0071,6,0.26,0.4,1.2487,1.6487
large-v3-turbo,6.0,8131-117016-0010,3,0.11,0.4,1.2461,1.6461
large-v3-turbo,6.0,8280-266249-0002,4,0.35,0.4,1.2415,1.6415
large-v3-turbo,6.0,4350-10919-0032,1,4.24,0.4,1.4121,1.8121
large-v3-turbo,6.0,3764-168671-0007,3,2.65,0.4,1.3160,1.7160
large-v3-turbo,6.0,3331-159609-0007,2,0.14,0.4,1.2737,1.6737
large-v3-turbo,6.0,1688-142285-0060,2,3.78,0.4,1.4204,1.8204
large-v3-turbo,6.0,3528-168669-0115,5,0.22,0.4,1.2823,1.6823
large-v3-turbo,6.0,3538-163619-0010,3,0.34,0.4,1.2754,1.6754
large-v3-turbo,6.0,6432-63722-0001,2,2.04,0.4,1.3194,1.7194
large-v3-turbo,6.0,7975-280084-0011,2,2.19,0.4,1.3244,1.7244
large-v3-turbo,6.0,2414-128291-0023,6,2.00,0.4,1.2636,1.6636
large-v3-turbo,6.0,3997-182399-0016,1,3.31,0.4,1.3515,1.7515
large-v3-turbo,6.0,3080-5040-0022,5,0.36,0.4,1.2427,1.6427
large-v3-turbo,6.0,7105-2340-0011,1,5.29,0.4,1.3874,1.7874
large-v3-turbo,6.0,2414-128291-0006,2,0.17,0.4,1.3335,1.7335
large-v3-turbo,6.0,2033-164915-0009,5,0.24,0.4,1.3709,1.7709
large-v3-turbo,6.0,3538-142836-0016,3,0.12,0.4,1.4670,1.8670
large-v3-turbo,6.0,7105-2340-0036,2,1.76,0.4,1.3440,1.7440
large-v3-turbo,6.0,8131-117029-0010,5,2.00,0.4,1.2652,1.6652
large-v3-turbo,6.0,3331-159609-0003,5,0.13,0.4,1.2443,1.6443
large-v3-turbo,6.0,7018-75789-0020,6,1.40,0.4,1.2610,1.6610
large-v3-turbo,6.0,533-131562-0000,8,0.34,0.4,1.2733,1.6733
large-v3-turbo,6.0,2414-128291-0022,2,0.12,0.4,1.3218,1.7218
large-v3-turbo,6.0,8461-281231-0016,2,2.04,0.4,1.2898,1.6898
large-v3-turbo,6.0,5442-32873-0018,7,0.20,0.4,1.2892,1.6892
large-v3-turbo,6.0,1688-142285-0044,1,3.40,0.4,1.3078,1.7078
large-v3-turbo,6.0,3764-168670-0023,1,4.54,0.4,1.4362,1.8362
large-v3-turbo,6.0,5484-24317-0019,3,1.20,0.4,1.2680,1.6680
large-v3-turbo,6.0,4294-14317-0004,4,0.98,0.4,1.2401,1.6401
large-v3-turbo,6.0,5484-24318-0004,2,0.23,0.4,1.2932,1.6932
large-v3-turbo,6.0,8461-278226-0008,2,1.95,0.4,1.2695,1.6695
large-v3-turbo,6.0,2033-164915-0008,4,0.20,0.4,1.2221,1.6221
large-v3-turbo,6.0,3764-168670-0009,3,2.20,0.4,1.3787,1.7787
large-v3-turbo,6.0,1688-142285-0050,1,5.45,0.4,1.5016,1.9016
large-v3-turbo,6.0,3080-5032-0024,5,0.42,0.4,1.3101,1.7101
large-v3-turbo,6.0,3764-168671-0045,3,1.80,0.4,1.3319,1.7319
large-v3-turbo,8.0,4294-9934-0026,3,2.70,0.4,1.3108,1.7108
large-v3-turbo,8.0,3331-159605-0045,2,3.80,0.4,1.4027,1.8027
large-v3-turbo,8.0,4852-28312-0018,1,2.66,0.4,1.3041,1.7041
large-v3-turbo,8.0,1998-29454-0037,1,5.46,0.4,1.4569,1.8569
large-v3-turbo,8.0,4852-28330-0016,2,2.37,0.4,1.3507,1.7507
large-v3-turbo,8.0,2609-156975-0011,2,2.71,0.4,1.3901,1.7901
large-v3-turbo,8.0,5442-41169-0025,1,2.96,0.4,1.3853,1.7853
large-v3-turbo,8.0,6070-86744-0021,1,3.54,0.4,1.3856,1.7856
large-v3-turbo,8.0,7018-75788-0010,2,0.10,0.4,1.3194,1.7194
large-v3-turbo,8.0,3528-168656-0010,2,0.38,0.4,1.3017,1.7017
large-v3-turbo,8.0,4294-35475-0025,2,2.60,0.4,1.4452,1.8452
large-v3-turbo,8.0,6432-63723-0034,3,1.50,0.4,1.3644,1.7644
large-v3-turbo,8.0,2609-156975-0038,2,5.10,0.4,1.4254,1.8254
large-v3-turbo,8.0,6432-63722-0046,2,3.12,0.4,1.4339,1.8339
large-v3-turbo,8.0,3005-163389-0016,1,3.10,0.4,1.4024,1.8024
large-v3-turbo,8.0,1998-29454-0020,1,3.75,0.4,1.4608,1.8608
large-v3-turbo,8.0,7902-96592-0008,2,0.10,0.4,1.2934,1.6934
large-v3-turbo,8.0,4852-28311-0014,1,6.59,0.4,1.5293,1.9293
large-v3-turbo,8.0,367-130732-0012,3,0.74,0.4,1.2767,1.6767
large-v3-turbo,8.0,8188-269288-0051,5,0.23,0.4,1.2761,1.6761
large-v3-turbo,8.0,5442-32873-0004,2,0.23,0.4,1.2705,1.6705
large-v3-turbo,8.0,3528-168669-0120,2,1.25,0.4,1.3255,1.7255
large-v3-turbo,8.0,3528-168669-0076,4,0.33,0.4,1.3277,1.7277
large-v3-turbo,8.0,5764-299665-0071,6,0.26,0.4,1.3082,1.7082
large-v3-turbo,8.0,8131-117016-0010,3,0.11,0.4,1.2799,1.6799
large-v3-turbo,8.0,8280-266249-0002,4,0.35,0.4,1.2685,1.6685
large-v3-turbo,8.0,4350-10919-0032,1,4.24,0.4,1.4893,1.8893
large-v3-turbo,8.0,3764-168671-0007,3,2.65,0.4,1.3673,1.7673
large-v3-turbo,8.0,3331-159609-0007,2,0.14,0.4,1.2789,1.6789
large-v3-turbo,8.0,1688-142285-0060,2,1.78,0.4,1.3240,1.7240
large-v3-turbo,8.0,3528-168669-0115,5,0.22,0.4,1.2895,1.6895
large-v3-turbo,8.0,3538-163619-0010,3,0.34,0.4,1.2876,1.6876
large-v3-turbo,8.0,6432-63722-0001,2,8.00,0.4,1.4654,1.8654
large-v3-turbo,8.0,7975-280084-0011,2,2.19,0.4,1.3233,1.7233
large-v3-turbo,8.0,2414-128291-0023,6,2.00,0.4,1.2676,1.6676
large-v3-turbo,8.0,3997-182399-0016,1,3.31,0.4,1.3260,1.7260
large-v3-turbo,8.0,3080-5040-0022,5,0.36,0.4,1.2374,1.6374
large-v3-turbo,8.0,7105-2340-0011,1,5.29,0.4,1.3577,1.7577
large-v3-turbo,8.0,2414-128291-0006,2,0.17,0.4,1.2316,1.6316
large-v3-turbo,8.0,2033-164915-0009,5,0.24,0.4,1.2190,1.6190
large-v3-turbo,8.0,3538-142836-0016,3,0.12,0.4,1.2496,1.6496
large-v3-turbo,8.0,7105-2340-0036,2,1.76,0.4,1.2602,1.6602
large-v3-turbo,8.0,8131-117029-0010,5,2.00,0.4,1.3042,1.7042
large-v3-turbo,8.0,3331-159609-0003,5,0.13,0.4,1.2457,1.6457
large-v3-turbo,8.0,7018-75789-0020,6,1.40,0.4,1.2858,1.6858
large-v3-turbo,8.0,533-131562-0000,8,0.34,0.4,1.2676,1.6676
large-v3-turbo,8.0,2414-128291-0022,2,0.12,0.4,1.2835,1.6835
large-v3-turbo,8.0,8461-281231-0016,2,2.04,0.4,1.2572,1.6572
large-v3-turbo,8.0,5442-32873-0018,7,0.20,0.4,1.3353,1.7353
large-v3-turbo,8.0,1688-142285-0044,1,3.40,0.4,1.4029,1.8029
large-v3-turbo,8.0,3764-168670-0023,1,4.54,0.4,1.4936,1.8936
large-v3-turbo,8.0,5484-24317-0019,3,1.20,0.4,1.3287,1.7287
large-v3-turbo,8.0,4294-14317-0004,3,6.98,0.4,1.7560,2.1560
large-v3-turbo,8.0,5484-24318-0004,2,0.23,0.4,1.4892,1.8892
large-v3-turbo,8.0,8461-278226-0008,2,1.95,0.4,1.4133,1.8133
large-v3-turbo,8.0,2033-164915-0008,4,0.20,0.4,1.3874,1.7874
large-v3-turbo,8.0,3764-168670-0009,3,2.20,0.4,1.5142,1.9142
large-v3-turbo,8.0,1688-142285-0050,1,5.45,0.4,1.6166,2.0166
large-v3-turbo,8.0,3080-5032-0024,5,0.42,0.4,1.3763,1.7763
large-v3-turbo,8.0,3764-168671-0045,3,1.80,0.4,1.3740,1.7740
