model,condition,n,wer,audio_seconds,wall_seconds,rtf
base,clean,300,0.1387,1952.4,135.3,0.0693
base,room_snr10,300,0.6153,1952.4,173.2,0.0887
base,room_snr15,300,0.3834,1952.4,167.3,0.0857
base,room_snr5,300,0.8814,1952.4,185.9,0.0952
large-v3-turbo,clean,300,0.0513,1952.4,833.8,0.4271
large-v3-turbo,room_snr10,300,0.1774,1952.4,854.3,0.4376
large-v3-turbo,room_snr15,300,0.1096,1952.4,877.9,0.4496
large-v3-turbo,room_snr5,300,0.4334,1952.4,842.5,0.4315
small,clean,300,0.0919,1952.4,352.6,0.1806
small,room_snr10,300,0.3496,1952.4,360.4,0.1846
small,room_snr15,300,0.2137,1952.4,321.0,0.1644
small,room_snr5,300,0.5888,1952.4,361.2,0.1850
tiny,clean,300,0.1725,1952.4,48.7,0.0250
tiny,room_snr10,300,0.6527,1952.4,53.6,0.0275
tiny,room_snr15,300,0.5046,1952.4,55.4,0.0284
tiny,room_snr5,300,1.0406,1952.4,66.1,0.0338
